<annotation verified="yes">
	<folder>train</folder>
	<filename>IMG_0088_jpg.rf.2c821c0c149e250d20c7d761a5fdd967.jpg</filename>
	<path>C:\Users\rsj99\Desktop\tensorflow_od\Thermal Dogs and People.v1-resize-416x416.voc\train\IMG_0088_jpg.rf.2c821c0c149e250d20c7d761a5fdd967.jpg</path>
	<source>
		<database>Unknown</database>
	</source>
	<size>
		<width>416</width>
		<height>416</height>
		<depth>3</depth>
	</size>
	<segmented>0</segmented>
	<object>
		<name>dog</name>
		<pose>Unspecified</pose>
		<truncated>0</truncated>
		<difficult>0</difficult>
		<bndbox>
			<xmin>30</xmin>
			<ymin>106</ymin>
			<xmax>337</xmax>
			<ymax>380</ymax>
		</bndbox>
	</object>
</annotation>
