<annotation>
	<folder>train</folder>
	<filename>IMG_0011_jpg.rf.2667e3f52aad7a65001f0c9f05e26cde.jpg</filename>
	<path>C:\Users\rsj99\Desktop\tensorflow_od\Thermal Dogs and People.v1-resize-416x416.voc\train\IMG_0011_jpg.rf.2667e3f52aad7a65001f0c9f05e26cde.jpg</path>
	<source>
		<database>Unknown</database>
	</source>
	<size>
		<width>416</width>
		<height>416</height>
		<depth>3</depth>
	</size>
	<segmented>0</segmented>
	<object>
		<name>dog</name>
		<pose>Unspecified</pose>
		<truncated>0</truncated>
		<difficult>0</difficult>
		<bndbox>
			<xmin>312</xmin>
			<ymin>214</ymin>
			<xmax>370</xmax>
			<ymax>266</ymax>
		</bndbox>
	</object>
</annotation>
