<annotation>
	<folder>train</folder>
	<filename>IMG_0008 4_jpg.rf.bc06dce81208d04dc19ca562a47a95f9.jpg</filename>
	<path>C:\Users\rsj99\Desktop\tensorflow_od\Thermal Dogs and People.v1-resize-416x416.voc\train\IMG_0008 4_jpg.rf.bc06dce81208d04dc19ca562a47a95f9.jpg</path>
	<source>
		<database>Unknown</database>
	</source>
	<size>
		<width>416</width>
		<height>416</height>
		<depth>3</depth>
	</size>
	<segmented>0</segmented>
	<object>
		<name>person</name>
		<pose>Unspecified</pose>
		<truncated>0</truncated>
		<difficult>0</difficult>
		<bndbox>
			<xmin>226</xmin>
			<ymin>2</ymin>
			<xmax>371</xmax>
			<ymax>337</ymax>
		</bndbox>
	</object>
	<object>
		<name>dog</name>
		<pose>Unspecified</pose>
		<truncated>0</truncated>
		<difficult>0</difficult>
		<bndbox>
			<xmin>99</xmin>
			<ymin>153</ymin>
			<xmax>275</xmax>
			<ymax>412</ymax>
		</bndbox>
	</object>
</annotation>
