<annotation>
	<folder>train</folder>
	<filename>IMG_0006 4_jpg.rf.c99fb087ed0232d9d84e6e641c6571a2.jpg</filename>
	<path>C:\Users\rsj99\Desktop\tensorflow_od\Thermal Dogs and People.v1-resize-416x416.voc\train\IMG_0006 4_jpg.rf.c99fb087ed0232d9d84e6e641c6571a2.jpg</path>
	<source>
		<database>Unknown</database>
	</source>
	<size>
		<width>416</width>
		<height>416</height>
		<depth>3</depth>
	</size>
	<segmented>0</segmented>
	<object>
		<name>person</name>
		<pose>Unspecified</pose>
		<truncated>0</truncated>
		<difficult>0</difficult>
		<bndbox>
			<xmin>283</xmin>
			<ymin>167</ymin>
			<xmax>316</xmax>
			<ymax>224</ymax>
		</bndbox>
	</object>
	<object>
		<name>person</name>
		<pose>Unspecified</pose>
		<truncated>0</truncated>
		<difficult>0</difficult>
		<bndbox>
			<xmin>239</xmin>
			<ymin>158</ymin>
			<xmax>288</xmax>
			<ymax>225</ymax>
		</bndbox>
	</object>
</annotation>
