<annotation verified="yes">
	<folder>train</folder>
	<filename>IMG_0071_jpg.rf.40aad1adad09234707d8490f35e742d4.jpg</filename>
	<path>C:\Users\rsj99\Desktop\tensorflow_od\Thermal Dogs and People.v1-resize-416x416.voc\train\IMG_0071_jpg.rf.40aad1adad09234707d8490f35e742d4.jpg</path>
	<source>
		<database>Unknown</database>
	</source>
	<size>
		<width>416</width>
		<height>416</height>
		<depth>3</depth>
	</size>
	<segmented>0</segmented>
	<object>
		<name>dog</name>
		<pose>Unspecified</pose>
		<truncated>0</truncated>
		<difficult>0</difficult>
		<bndbox>
			<xmin>248</xmin>
			<ymin>207</ymin>
			<xmax>335</xmax>
			<ymax>350</ymax>
		</bndbox>
	</object>
	<object>
		<name>person</name>
		<pose>Unspecified</pose>
		<truncated>0</truncated>
		<difficult>0</difficult>
		<bndbox>
			<xmin>310</xmin>
			<ymin>23</ymin>
			<xmax>415</xmax>
			<ymax>315</ymax>
		</bndbox>
	</object>
</annotation>
