<annotation verified="yes">
	<folder>train</folder>
	<filename>IMG_0099_jpg.rf.9546da350644619ff3164ea81d259120.jpg</filename>
	<path>C:\Users\rsj99\Desktop\tensorflow_od\Thermal Dogs and People.v1-resize-416x416.voc\train\IMG_0099_jpg.rf.9546da350644619ff3164ea81d259120.jpg</path>
	<source>
		<database>Unknown</database>
	</source>
	<size>
		<width>416</width>
		<height>416</height>
		<depth>3</depth>
	</size>
	<segmented>0</segmented>
	<object>
		<name>person</name>
		<pose>Unspecified</pose>
		<truncated>0</truncated>
		<difficult>0</difficult>
		<bndbox>
			<xmin>63</xmin>
			<ymin>104</ymin>
			<xmax>163</xmax>
			<ymax>324</ymax>
		</bndbox>
	</object>
	<object>
		<name>dog</name>
		<pose>Unspecified</pose>
		<truncated>0</truncated>
		<difficult>0</difficult>
		<bndbox>
			<xmin>263</xmin>
			<ymin>258</ymin>
			<xmax>369</xmax>
			<ymax>384</ymax>
		</bndbox>
	</object>
</annotation>
