<annotation verified="yes">
	<folder>train</folder>
	<filename>IMG_0046_jpg.rf.ac3a1e79a68cab7a4e0545e182d67753.jpg</filename>
	<path>C:\Users\rsj99\Desktop\tensorflow_od\Thermal Dogs and People.v1-resize-416x416.voc\train\IMG_0046_jpg.rf.ac3a1e79a68cab7a4e0545e182d67753.jpg</path>
	<source>
		<database>Unknown</database>
	</source>
	<size>
		<width>416</width>
		<height>416</height>
		<depth>3</depth>
	</size>
	<segmented>0</segmented>
	<object>
		<name>dog</name>
		<pose>Unspecified</pose>
		<truncated>1</truncated>
		<difficult>0</difficult>
		<bndbox>
			<xmin>1</xmin>
			<ymin>68</ymin>
			<xmax>385</xmax>
			<ymax>411</ymax>
		</bndbox>
	</object>
</annotation>
