<annotation>
	<folder>train</folder>
	<filename>IMG_0013 2_jpg.rf.f0a4b85b15ea5828ad8e26d2ee446d31.jpg</filename>
	<path>C:\Users\rsj99\Desktop\tensorflow_od\Thermal Dogs and People.v1-resize-416x416.voc\train\IMG_0013 2_jpg.rf.f0a4b85b15ea5828ad8e26d2ee446d31.jpg</path>
	<source>
		<database>Unknown</database>
	</source>
	<size>
		<width>416</width>
		<height>416</height>
		<depth>3</depth>
	</size>
	<segmented>0</segmented>
	<object>
		<name>person</name>
		<pose>Unspecified</pose>
		<truncated>0</truncated>
		<difficult>0</difficult>
		<bndbox>
			<xmin>231</xmin>
			<ymin>145</ymin>
			<xmax>273</xmax>
			<ymax>276</ymax>
		</bndbox>
	</object>
	<object>
		<name>person</name>
		<pose>Unspecified</pose>
		<truncated>0</truncated>
		<difficult>0</difficult>
		<bndbox>
			<xmin>195</xmin>
			<ymin>157</ymin>
			<xmax>234</xmax>
			<ymax>254</ymax>
		</bndbox>
	</object>
</annotation>
