<annotation>
	<folder>train</folder>
	<filename>IMG_0015_jpg.rf.2f42751efe387568c1f414ecd5b95caa.jpg</filename>
	<path>C:\Users\rsj99\Desktop\tensorflow_od\Thermal Dogs and People.v1-resize-416x416.voc\train\IMG_0015_jpg.rf.2f42751efe387568c1f414ecd5b95caa.jpg</path>
	<source>
		<database>Unknown</database>
	</source>
	<size>
		<width>416</width>
		<height>416</height>
		<depth>3</depth>
	</size>
	<segmented>0</segmented>
	<object>
		<name>dog</name>
		<pose>Unspecified</pose>
		<truncated>0</truncated>
		<difficult>0</difficult>
		<bndbox>
			<xmin>304</xmin>
			<ymin>115</ymin>
			<xmax>335</xmax>
			<ymax>194</ymax>
		</bndbox>
	</object>
</annotation>
