<annotation verified="yes">
	<folder>train</folder>
	<filename>IMG_0076_jpg.rf.3baf6163565084ff64a4637be8264138.jpg</filename>
	<path>C:\Users\rsj99\Desktop\tensorflow_od\Thermal Dogs and People.v1-resize-416x416.voc\train\IMG_0076_jpg.rf.3baf6163565084ff64a4637be8264138.jpg</path>
	<source>
		<database>Unknown</database>
	</source>
	<size>
		<width>416</width>
		<height>416</height>
		<depth>3</depth>
	</size>
	<segmented>0</segmented>
	<object>
		<name>dog</name>
		<pose>Unspecified</pose>
		<truncated>0</truncated>
		<difficult>0</difficult>
		<bndbox>
			<xmin>251</xmin>
			<ymin>185</ymin>
			<xmax>318</xmax>
			<ymax>340</ymax>
		</bndbox>
	</object>
</annotation>
