<annotation verified="yes">
	<folder>train</folder>
	<filename>IMG_0111_jpg.rf.7a7653422291cf0f21e6c3a912b6a07b.jpg</filename>
	<path>C:\Users\rsj99\Desktop\tensorflow_od\Thermal Dogs and People.v1-resize-416x416.voc\train\IMG_0111_jpg.rf.7a7653422291cf0f21e6c3a912b6a07b.jpg</path>
	<source>
		<database>Unknown</database>
	</source>
	<size>
		<width>416</width>
		<height>416</height>
		<depth>3</depth>
	</size>
	<segmented>0</segmented>
	<object>
		<name>person</name>
		<pose>Unspecified</pose>
		<truncated>0</truncated>
		<difficult>0</difficult>
		<bndbox>
			<xmin>238</xmin>
			<ymin>249</ymin>
			<xmax>271</xmax>
			<ymax>288</ymax>
		</bndbox>
	</object>
</annotation>
