<annotation verified="yes">
	<folder>train</folder>
	<filename>IMG_0049_jpg.rf.2ac366f69cbf43322bb89f75eed19a22.jpg</filename>
	<path>C:\Users\rsj99\Desktop\tensorflow_od\Thermal Dogs and People.v1-resize-416x416.voc\train\IMG_0049_jpg.rf.2ac366f69cbf43322bb89f75eed19a22.jpg</path>
	<source>
		<database>Unknown</database>
	</source>
	<size>
		<width>416</width>
		<height>416</height>
		<depth>3</depth>
	</size>
	<segmented>0</segmented>
	<object>
		<name>dog</name>
		<pose>Unspecified</pose>
		<truncated>1</truncated>
		<difficult>0</difficult>
		<bndbox>
			<xmin>157</xmin>
			<ymin>33</ymin>
			<xmax>416</xmax>
			<ymax>398</ymax>
		</bndbox>
	</object>
</annotation>
