<annotation verified="yes">
	<folder>train</folder>
	<filename>IMG_0053_jpg.rf.16c5bd932a6353a72c90702e1c3e107b.jpg</filename>
	<path>C:\Users\rsj99\Desktop\tensorflow_od\Thermal Dogs and People.v1-resize-416x416.voc\train\IMG_0053_jpg.rf.16c5bd932a6353a72c90702e1c3e107b.jpg</path>
	<source>
		<database>Unknown</database>
	</source>
	<size>
		<width>416</width>
		<height>416</height>
		<depth>3</depth>
	</size>
	<segmented>0</segmented>
	<object>
		<name>dog</name>
		<pose>Unspecified</pose>
		<truncated>0</truncated>
		<difficult>0</difficult>
		<bndbox>
			<xmin>165</xmin>
			<ymin>25</ymin>
			<xmax>410</xmax>
			<ymax>401</ymax>
		</bndbox>
	</object>
</annotation>
