<annotation verified="yes">
	<folder>train</folder>
	<filename>IMG_0048_jpg.rf.de75760a42bf18d5e694162beee0677d.jpg</filename>
	<path>C:\Users\rsj99\Desktop\tensorflow_od\Thermal Dogs and People.v1-resize-416x416.voc\train\IMG_0048_jpg.rf.de75760a42bf18d5e694162beee0677d.jpg</path>
	<source>
		<database>Unknown</database>
	</source>
	<size>
		<width>416</width>
		<height>416</height>
		<depth>3</depth>
	</size>
	<segmented>0</segmented>
	<object>
		<name>dog</name>
		<pose>Unspecified</pose>
		<truncated>0</truncated>
		<difficult>0</difficult>
		<bndbox>
			<xmin>184</xmin>
			<ymin>34</ymin>
			<xmax>384</xmax>
			<ymax>400</ymax>
		</bndbox>
	</object>
</annotation>
