<annotation verified="yes">
	<folder>train</folder>
	<filename>IMG_0108_jpg.rf.c5068dbf6f5c4190b32f54fee8848d50.jpg</filename>
	<path>C:\Users\rsj99\Desktop\tensorflow_od\Thermal Dogs and People.v1-resize-416x416.voc\train\IMG_0108_jpg.rf.c5068dbf6f5c4190b32f54fee8848d50.jpg</path>
	<source>
		<database>Unknown</database>
	</source>
	<size>
		<width>416</width>
		<height>416</height>
		<depth>3</depth>
	</size>
	<segmented>0</segmented>
	<object>
		<name>person</name>
		<pose>Unspecified</pose>
		<truncated>0</truncated>
		<difficult>0</difficult>
		<bndbox>
			<xmin>17</xmin>
			<ymin>93</ymin>
			<xmax>383</xmax>
			<ymax>414</ymax>
		</bndbox>
	</object>
</annotation>
