<annotation>
	<folder>train</folder>
	<filename>IMG_0006_jpg.rf.4f830ffe8875d3ea258b3e4332dc72da.jpg</filename>
	<path>C:\Users\rsj99\Desktop\tensorflow_od\Thermal Dogs and People.v1-resize-416x416.voc\train\IMG_0006_jpg.rf.4f830ffe8875d3ea258b3e4332dc72da.jpg</path>
	<source>
		<database>Unknown</database>
	</source>
	<size>
		<width>416</width>
		<height>416</height>
		<depth>3</depth>
	</size>
	<segmented>0</segmented>
	<object>
		<name>dog</name>
		<pose>Unspecified</pose>
		<truncated>0</truncated>
		<difficult>0</difficult>
		<bndbox>
			<xmin>104</xmin>
			<ymin>227</ymin>
			<xmax>133</xmax>
			<ymax>264</ymax>
		</bndbox>
	</object>
</annotation>
