<annotation>
	<folder>train</folder>
	<filename>IMG_0023 2_jpg.rf.444d61451efc5220dfd9c51146491f84.jpg</filename>
	<path>C:\Users\rsj99\Desktop\tensorflow_od\Thermal Dogs and People.v1-resize-416x416.voc\train\IMG_0023 2_jpg.rf.444d61451efc5220dfd9c51146491f84.jpg</path>
	<source>
		<database>Unknown</database>
	</source>
	<size>
		<width>416</width>
		<height>416</height>
		<depth>3</depth>
	</size>
	<segmented>0</segmented>
	<object>
		<name>person</name>
		<pose>Unspecified</pose>
		<truncated>0</truncated>
		<difficult>0</difficult>
		<bndbox>
			<xmin>248</xmin>
			<ymin>60</ymin>
			<xmax>268</xmax>
			<ymax>141</ymax>
		</bndbox>
	</object>
	<object>
		<name>person</name>
		<pose>Unspecified</pose>
		<truncated>0</truncated>
		<difficult>0</difficult>
		<bndbox>
			<xmin>222</xmin>
			<ymin>67</ymin>
			<xmax>248</xmax>
			<ymax>150</ymax>
		</bndbox>
	</object>
</annotation>
