<annotation>
	<folder>train</folder>
	<filename>IMG_0005 2_jpg.rf.224a25e21ebb388d22f3e1bf0775636e.jpg</filename>
	<path>C:\Users\rsj99\Desktop\tensorflow_od\Thermal Dogs and People.v1-resize-416x416.voc\train\IMG_0005 2_jpg.rf.224a25e21ebb388d22f3e1bf0775636e.jpg</path>
	<source>
		<database>Unknown</database>
	</source>
	<size>
		<width>416</width>
		<height>416</height>
		<depth>3</depth>
	</size>
	<segmented>0</segmented>
	<object>
		<name>dog</name>
		<pose>Unspecified</pose>
		<truncated>0</truncated>
		<difficult>0</difficult>
		<bndbox>
			<xmin>283</xmin>
			<ymin>125</ymin>
			<xmax>373</xmax>
			<ymax>340</ymax>
		</bndbox>
	</object>
</annotation>
