<annotation verified="yes">
	<folder>train</folder>
	<filename>IMG_0050_jpg.rf.372af5485c16a985725ae3ad3dd7a801.jpg</filename>
	<path>C:\Users\rsj99\Desktop\tensorflow_od\Thermal Dogs and People.v1-resize-416x416.voc\train\IMG_0050_jpg.rf.372af5485c16a985725ae3ad3dd7a801.jpg</path>
	<source>
		<database>Unknown</database>
	</source>
	<size>
		<width>416</width>
		<height>416</height>
		<depth>3</depth>
	</size>
	<segmented>0</segmented>
	<object>
		<name>person</name>
		<pose>Unspecified</pose>
		<truncated>0</truncated>
		<difficult>0</difficult>
		<bndbox>
			<xmin>273</xmin>
			<ymin>132</ymin>
			<xmax>311</xmax>
			<ymax>195</ymax>
		</bndbox>
	</object>
</annotation>
