<annotation verified="yes">
	<folder>train</folder>
	<filename>IMG_0058_jpg.rf.ac642469d752473c06088c26c50a0746.jpg</filename>
	<path>C:\Users\rsj99\Desktop\tensorflow_od\Thermal Dogs and People.v1-resize-416x416.voc\train\IMG_0058_jpg.rf.ac642469d752473c06088c26c50a0746.jpg</path>
	<source>
		<database>Unknown</database>
	</source>
	<size>
		<width>416</width>
		<height>416</height>
		<depth>3</depth>
	</size>
	<segmented>0</segmented>
	<object>
		<name>person</name>
		<pose>Unspecified</pose>
		<truncated>0</truncated>
		<difficult>0</difficult>
		<bndbox>
			<xmin>255</xmin>
			<ymin>18</ymin>
			<xmax>399</xmax>
			<ymax>412</ymax>
		</bndbox>
	</object>
</annotation>
