<annotation verified="yes">
	<folder>train</folder>
	<filename>IMG_0029_jpg.rf.f494ffda14f225393278cc38ac8be0ba.jpg</filename>
	<path>C:\Users\rsj99\Desktop\tensorflow_od\Thermal Dogs and People.v1-resize-416x416.voc\train\IMG_0029_jpg.rf.f494ffda14f225393278cc38ac8be0ba.jpg</path>
	<source>
		<database>Unknown</database>
	</source>
	<size>
		<width>416</width>
		<height>416</height>
		<depth>3</depth>
	</size>
	<segmented>0</segmented>
	<object>
		<name>dog</name>
		<pose>Unspecified</pose>
		<truncated>0</truncated>
		<difficult>0</difficult>
		<bndbox>
			<xmin>70</xmin>
			<ymin>91</ymin>
			<xmax>330</xmax>
			<ymax>362</ymax>
		</bndbox>
	</object>
</annotation>
