<annotation verified="yes">
	<folder>train</folder>
	<filename>IMG_0092_jpg.rf.2142d9a1b054620ba888c3073c6a6ef2.jpg</filename>
	<path>C:\Users\rsj99\Desktop\tensorflow_od\Thermal Dogs and People.v1-resize-416x416.voc\train\IMG_0092_jpg.rf.2142d9a1b054620ba888c3073c6a6ef2.jpg</path>
	<source>
		<database>Unknown</database>
	</source>
	<size>
		<width>416</width>
		<height>416</height>
		<depth>3</depth>
	</size>
	<segmented>0</segmented>
	<object>
		<name>person</name>
		<pose>Unspecified</pose>
		<truncated>0</truncated>
		<difficult>0</difficult>
		<bndbox>
			<xmin>197</xmin>
			<ymin>205</ymin>
			<xmax>227</xmax>
			<ymax>252</ymax>
		</bndbox>
	</object>
	<object>
		<name>person</name>
		<pose>Unspecified</pose>
		<truncated>0</truncated>
		<difficult>0</difficult>
		<bndbox>
			<xmin>180</xmin>
			<ymin>207</ymin>
			<xmax>200</xmax>
			<ymax>254</ymax>
		</bndbox>
	</object>
</annotation>
