<annotation verified="yes">
	<folder>train</folder>
	<filename>IMG_0107_jpg.rf.bec660cf9cd39a73fd8906abfe1400e1.jpg</filename>
	<path>C:\Users\rsj99\Desktop\tensorflow_od\Thermal Dogs and People.v1-resize-416x416.voc\train\IMG_0107_jpg.rf.bec660cf9cd39a73fd8906abfe1400e1.jpg</path>
	<source>
		<database>Unknown</database>
	</source>
	<size>
		<width>416</width>
		<height>416</height>
		<depth>3</depth>
	</size>
	<segmented>0</segmented>
	<object>
		<name>person</name>
		<pose>Unspecified</pose>
		<truncated>1</truncated>
		<difficult>0</difficult>
		<bndbox>
			<xmin>6</xmin>
			<ymin>87</ymin>
			<xmax>272</xmax>
			<ymax>416</ymax>
		</bndbox>
	</object>
</annotation>
