<annotation>
	<folder>train</folder>
	<filename>IMG_0006 2_jpg.rf.ebb7bc29f5046513f04ba52fa0ca3b50.jpg</filename>
	<path>C:\Users\rsj99\Desktop\tensorflow_od\Thermal Dogs and People.v1-resize-416x416.voc\train\IMG_0006 2_jpg.rf.ebb7bc29f5046513f04ba52fa0ca3b50.jpg</path>
	<source>
		<database>Unknown</database>
	</source>
	<size>
		<width>416</width>
		<height>416</height>
		<depth>3</depth>
	</size>
	<segmented>0</segmented>
	<object>
		<name>dog</name>
		<pose>Unspecified</pose>
		<truncated>0</truncated>
		<difficult>0</difficult>
		<bndbox>
			<xmin>221</xmin>
			<ymin>116</ymin>
			<xmax>309</xmax>
			<ymax>323</ymax>
		</bndbox>
	</object>
</annotation>
