<annotation verified="yes">
	<folder>train</folder>
	<filename>IMG_0070_jpg.rf.b9cbb42e02fd900b3288e237e47e689c.jpg</filename>
	<path>C:\Users\rsj99\Desktop\tensorflow_od\Thermal Dogs and People.v1-resize-416x416.voc\train\IMG_0070_jpg.rf.b9cbb42e02fd900b3288e237e47e689c.jpg</path>
	<source>
		<database>Unknown</database>
	</source>
	<size>
		<width>416</width>
		<height>416</height>
		<depth>3</depth>
	</size>
	<segmented>0</segmented>
	<object>
		<name>person</name>
		<pose>Unspecified</pose>
		<truncated>0</truncated>
		<difficult>0</difficult>
		<bndbox>
			<xmin>323</xmin>
			<ymin>65</ymin>
			<xmax>400</xmax>
			<ymax>311</ymax>
		</bndbox>
	</object>
	<object>
		<name>dog</name>
		<pose>Unspecified</pose>
		<truncated>0</truncated>
		<difficult>0</difficult>
		<bndbox>
			<xmin>233</xmin>
			<ymin>204</ymin>
			<xmax>317</xmax>
			<ymax>352</ymax>
		</bndbox>
	</object>
</annotation>
