<annotation>
	<folder>train</folder>
	<filename>IMG_0017_jpg.rf.0652b4c0672a0fd300750dbb8ee37430.jpg</filename>
	<path>C:\Users\rsj99\Desktop\tensorflow_od\Thermal Dogs and People.v1-resize-416x416.voc\train\IMG_0017_jpg.rf.0652b4c0672a0fd300750dbb8ee37430.jpg</path>
	<source>
		<database>Unknown</database>
	</source>
	<size>
		<width>416</width>
		<height>416</height>
		<depth>3</depth>
	</size>
	<segmented>0</segmented>
	<object>
		<name>dog</name>
		<pose>Unspecified</pose>
		<truncated>0</truncated>
		<difficult>0</difficult>
		<bndbox>
			<xmin>87</xmin>
			<ymin>92</ymin>
			<xmax>384</xmax>
			<ymax>412</ymax>
		</bndbox>
	</object>
</annotation>
