<annotation>
	<folder>train</folder>
	<filename>IMG_0002 3_jpg.rf.5926b8d930f26a31af2f4e446163c016.jpg</filename>
	<path>C:\Users\rsj99\Desktop\tensorflow_od\Thermal Dogs and People.v1-resize-416x416.voc\train\IMG_0002 3_jpg.rf.5926b8d930f26a31af2f4e446163c016.jpg</path>
	<source>
		<database>Unknown</database>
	</source>
	<size>
		<width>416</width>
		<height>416</height>
		<depth>3</depth>
	</size>
	<segmented>0</segmented>
	<object>
		<name>person</name>
		<pose>Unspecified</pose>
		<truncated>0</truncated>
		<difficult>0</difficult>
		<bndbox>
			<xmin>143</xmin>
			<ymin>90</ymin>
			<xmax>192</xmax>
			<ymax>169</ymax>
		</bndbox>
	</object>
</annotation>
