<annotation>
	<folder>train</folder>
	<filename>IMG_0010 2_jpg.rf.46cafff576a72e49d3707a91ce14158b.jpg</filename>
	<path>C:\Users\rsj99\Desktop\tensorflow_od\Thermal Dogs and People.v1-resize-416x416.voc\train\IMG_0010 2_jpg.rf.46cafff576a72e49d3707a91ce14158b.jpg</path>
	<source>
		<database>Unknown</database>
	</source>
	<size>
		<width>416</width>
		<height>416</height>
		<depth>3</depth>
	</size>
	<segmented>0</segmented>
	<object>
		<name>person</name>
		<pose>Unspecified</pose>
		<truncated>0</truncated>
		<difficult>0</difficult>
		<bndbox>
			<xmin>354</xmin>
			<ymin>201</ymin>
			<xmax>382</xmax>
			<ymax>282</ymax>
		</bndbox>
	</object>
</annotation>
