<annotation verified="yes">
	<folder>train</folder>
	<filename>IMG_0029 2_jpg.rf.4346e9f11f08c8f43df8da75490a8d3d.jpg</filename>
	<path>C:\Users\rsj99\Desktop\tensorflow_od\Thermal Dogs and People.v1-resize-416x416.voc\train\IMG_0029 2_jpg.rf.4346e9f11f08c8f43df8da75490a8d3d.jpg</path>
	<source>
		<database>Unknown</database>
	</source>
	<size>
		<width>416</width>
		<height>416</height>
		<depth>3</depth>
	</size>
	<segmented>0</segmented>
	<object>
		<name>person</name>
		<pose>Unspecified</pose>
		<truncated>0</truncated>
		<difficult>0</difficult>
		<bndbox>
			<xmin>299</xmin>
			<ymin>172</ymin>
			<xmax>346</xmax>
			<ymax>254</ymax>
		</bndbox>
	</object>
</annotation>
