<annotation>
	<folder>train</folder>
	<filename>IMG_0020_jpg.rf.608732787e0510a729badac1880f1a47.jpg</filename>
	<path>C:\Users\rsj99\Desktop\tensorflow_od\Thermal Dogs and People.v1-resize-416x416.voc\train\IMG_0020_jpg.rf.608732787e0510a729badac1880f1a47.jpg</path>
	<source>
		<database>Unknown</database>
	</source>
	<size>
		<width>416</width>
		<height>416</height>
		<depth>3</depth>
	</size>
	<segmented>0</segmented>
	<object>
		<name>dog</name>
		<pose>Unspecified</pose>
		<truncated>0</truncated>
		<difficult>0</difficult>
		<bndbox>
			<xmin>28</xmin>
			<ymin>62</ymin>
			<xmax>341</xmax>
			<ymax>411</ymax>
		</bndbox>
	</object>
</annotation>
