<annotation>
	<folder>train</folder>
	<filename>IMG_0018 2_jpg.rf.0b1cf94034fc2ffe76178bbf6bf6c68e.jpg</filename>
	<path>C:\Users\rsj99\Desktop\tensorflow_od\Thermal Dogs and People.v1-resize-416x416.voc\train\IMG_0018 2_jpg.rf.0b1cf94034fc2ffe76178bbf6bf6c68e.jpg</path>
	<source>
		<database>Unknown</database>
	</source>
	<size>
		<width>416</width>
		<height>416</height>
		<depth>3</depth>
	</size>
	<segmented>0</segmented>
	<object>
		<name>person</name>
		<pose>Unspecified</pose>
		<truncated>0</truncated>
		<difficult>0</difficult>
		<bndbox>
			<xmin>278</xmin>
			<ymin>107</ymin>
			<xmax>311</xmax>
			<ymax>220</ymax>
		</bndbox>
	</object>
	<object>
		<name>person</name>
		<pose>Unspecified</pose>
		<truncated>0</truncated>
		<difficult>0</difficult>
		<bndbox>
			<xmin>235</xmin>
			<ymin>113</ymin>
			<xmax>272</xmax>
			<ymax>224</ymax>
		</bndbox>
	</object>
</annotation>
