<annotation verified="yes">
	<folder>train</folder>
	<filename>IMG_0042 2_jpg.rf.4c4ce9c7b13af26f54c13be77602c849.jpg</filename>
	<path>C:\Users\rsj99\Desktop\tensorflow_od\Thermal Dogs and People.v1-resize-416x416.voc\train\IMG_0042 2_jpg.rf.4c4ce9c7b13af26f54c13be77602c849.jpg</path>
	<source>
		<database>Unknown</database>
	</source>
	<size>
		<width>416</width>
		<height>416</height>
		<depth>3</depth>
	</size>
	<segmented>0</segmented>
	<object>
		<name>dog</name>
		<pose>Unspecified</pose>
		<truncated>0</truncated>
		<difficult>0</difficult>
		<bndbox>
			<xmin>121</xmin>
			<ymin>119</ymin>
			<xmax>269</xmax>
			<ymax>312</ymax>
		</bndbox>
	</object>
</annotation>
