<annotation verified="yes">
	<folder>train</folder>
	<filename>IMG_0095_jpg.rf.f3cf643e95ab885a45db202209fbb86f.jpg</filename>
	<path>C:\Users\rsj99\Desktop\tensorflow_od\Thermal Dogs and People.v1-resize-416x416.voc\train\IMG_0095_jpg.rf.f3cf643e95ab885a45db202209fbb86f.jpg</path>
	<source>
		<database>Unknown</database>
	</source>
	<size>
		<width>416</width>
		<height>416</height>
		<depth>3</depth>
	</size>
	<segmented>0</segmented>
	<object>
		<name>person</name>
		<pose>Unspecified</pose>
		<truncated>0</truncated>
		<difficult>0</difficult>
		<bndbox>
			<xmin>280</xmin>
			<ymin>210</ymin>
			<xmax>305</xmax>
			<ymax>251</ymax>
		</bndbox>
	</object>
	<object>
		<name>person</name>
		<pose>Unspecified</pose>
		<truncated>0</truncated>
		<difficult>0</difficult>
		<bndbox>
			<xmin>263</xmin>
			<ymin>213</ymin>
			<xmax>283</xmax>
			<ymax>251</ymax>
		</bndbox>
	</object>
</annotation>
