<annotation>
	<folder>train</folder>
	<filename>IMG_0103_jpg.rf.7cbd44559f6a649510b5eb6f5509edb6.jpg</filename>
	<path>C:\Users\rsj99\Desktop\tensorflow_od\Thermal Dogs and People.v1-resize-416x416.voc\train\IMG_0103_jpg.rf.7cbd44559f6a649510b5eb6f5509edb6.jpg</path>
	<source>
		<database>Unknown</database>
	</source>
	<size>
		<width>416</width>
		<height>416</height>
		<depth>3</depth>
	</size>
	<segmented>0</segmented>
	<object>
		<name>person</name>
		<pose>Unspecified</pose>
		<truncated>0</truncated>
		<difficult>0</difficult>
		<bndbox>
			<xmin>98</xmin>
			<ymin>10</ymin>
			<xmax>168</xmax>
			<ymax>305</ymax>
		</bndbox>
	</object>
	<object>
		<name>dog</name>
		<pose>Unspecified</pose>
		<truncated>0</truncated>
		<difficult>0</difficult>
		<bndbox>
			<xmin>235</xmin>
			<ymin>229</ymin>
			<xmax>313</xmax>
			<ymax>392</ymax>
		</bndbox>
	</object>
</annotation>
