<annotation>
	<folder>train</folder>
	<filename>IMG_0020 2_jpg.rf.3b6c7b29003e46ba2aecf1f6303928b9.jpg</filename>
	<path>C:\Users\rsj99\Desktop\tensorflow_od\Thermal Dogs and People.v1-resize-416x416.voc\train\IMG_0020 2_jpg.rf.3b6c7b29003e46ba2aecf1f6303928b9.jpg</path>
	<source>
		<database>Unknown</database>
	</source>
	<size>
		<width>416</width>
		<height>416</height>
		<depth>3</depth>
	</size>
	<segmented>0</segmented>
	<object>
		<name>person</name>
		<pose>Unspecified</pose>
		<truncated>0</truncated>
		<difficult>0</difficult>
		<bndbox>
			<xmin>175</xmin>
			<ymin>137</ymin>
			<xmax>208</xmax>
			<ymax>227</ymax>
		</bndbox>
	</object>
	<object>
		<name>person</name>
		<pose>Unspecified</pose>
		<truncated>0</truncated>
		<difficult>0</difficult>
		<bndbox>
			<xmin>139</xmin>
			<ymin>140</ymin>
			<xmax>175</xmax>
			<ymax>228</ymax>
		</bndbox>
	</object>
</annotation>
