<annotation>
	<folder>train</folder>
	<filename>IMG_0109_jpg.rf.03607def018d49330ebef9a856f65812.jpg</filename>
	<path>C:\Users\rsj99\Desktop\tensorflow_od\Thermal Dogs and People.v1-resize-416x416.voc\train\IMG_0109_jpg.rf.03607def018d49330ebef9a856f65812.jpg</path>
	<source>
		<database>Unknown</database>
	</source>
	<size>
		<width>416</width>
		<height>416</height>
		<depth>3</depth>
	</size>
	<segmented>0</segmented>
	<object>
		<name>person</name>
		<pose>Unspecified</pose>
		<truncated>1</truncated>
		<difficult>0</difficult>
		<bndbox>
			<xmin>15</xmin>
			<ymin>42</ymin>
			<xmax>375</xmax>
			<ymax>416</ymax>
		</bndbox>
	</object>
</annotation>
