<annotation verified="yes">
	<folder>train</folder>
	<filename>IMG_0098_jpg.rf.5e8e3572da1c1aae4565bc705900131b.jpg</filename>
	<path>C:\Users\rsj99\Desktop\tensorflow_od\Thermal Dogs and People.v1-resize-416x416.voc\train\IMG_0098_jpg.rf.5e8e3572da1c1aae4565bc705900131b.jpg</path>
	<source>
		<database>Unknown</database>
	</source>
	<size>
		<width>416</width>
		<height>416</height>
		<depth>3</depth>
	</size>
	<segmented>0</segmented>
	<object>
		<name>dog</name>
		<pose>Unspecified</pose>
		<truncated>0</truncated>
		<difficult>0</difficult>
		<bndbox>
			<xmin>104</xmin>
			<ymin>119</ymin>
			<xmax>383</xmax>
			<ymax>390</ymax>
		</bndbox>
	</object>
</annotation>
