<annotation>
	<folder>train</folder>
	<filename>IMG_0010_jpg.rf.ec40fde2885f1d28c262be1b290c6dd3.jpg</filename>
	<path>C:\Users\rsj99\Desktop\tensorflow_od\Thermal Dogs and People.v1-resize-416x416.voc\train\IMG_0010_jpg.rf.ec40fde2885f1d28c262be1b290c6dd3.jpg</path>
	<source>
		<database>Unknown</database>
	</source>
	<size>
		<width>416</width>
		<height>416</height>
		<depth>3</depth>
	</size>
	<segmented>0</segmented>
	<object>
		<name>dog</name>
		<pose>Unspecified</pose>
		<truncated>0</truncated>
		<difficult>0</difficult>
		<bndbox>
			<xmin>227</xmin>
			<ymin>216</ymin>
			<xmax>296</xmax>
			<ymax>260</ymax>
		</bndbox>
	</object>
</annotation>
