<annotation verified="yes">
	<folder>train</folder>
	<filename>IMG_0039 2_jpg.rf.5d037af51e3f0c21086c3aac2c4598f2.jpg</filename>
	<path>C:\Users\rsj99\Desktop\tensorflow_od\Thermal Dogs and People.v1-resize-416x416.voc\train\IMG_0039 2_jpg.rf.5d037af51e3f0c21086c3aac2c4598f2.jpg</path>
	<source>
		<database>Unknown</database>
	</source>
	<size>
		<width>416</width>
		<height>416</height>
		<depth>3</depth>
	</size>
	<segmented>0</segmented>
	<object>
		<name>dog</name>
		<pose>Unspecified</pose>
		<truncated>0</truncated>
		<difficult>0</difficult>
		<bndbox>
			<xmin>29</xmin>
			<ymin>126</ymin>
			<xmax>236</xmax>
			<ymax>354</ymax>
		</bndbox>
	</object>
</annotation>
