<annotation>
	<folder>train</folder>
	<filename>IMG_0014 3_jpg.rf.131eb12843ba9f462d7d00596b9169ca.jpg</filename>
	<path>C:\Users\rsj99\Desktop\tensorflow_od\Thermal Dogs and People.v1-resize-416x416.voc\train\IMG_0014 3_jpg.rf.131eb12843ba9f462d7d00596b9169ca.jpg</path>
	<source>
		<database>Unknown</database>
	</source>
	<size>
		<width>416</width>
		<height>416</height>
		<depth>3</depth>
	</size>
	<segmented>0</segmented>
	<object>
		<name>person</name>
		<pose>Unspecified</pose>
		<truncated>0</truncated>
		<difficult>0</difficult>
		<bndbox>
			<xmin>202</xmin>
			<ymin>2</ymin>
			<xmax>378</xmax>
			<ymax>257</ymax>
		</bndbox>
	</object>
	<object>
		<name>dog</name>
		<pose>Unspecified</pose>
		<truncated>0</truncated>
		<difficult>0</difficult>
		<bndbox>
			<xmin>62</xmin>
			<ymin>176</ymin>
			<xmax>229</xmax>
			<ymax>366</ymax>
		</bndbox>
	</object>
</annotation>
