<annotation verified="yes">
	<folder>train</folder>
	<filename>IMG_0038_jpg.rf.400840ae815add24cd2e1a3e8d6a8640.jpg</filename>
	<path>C:\Users\rsj99\Desktop\tensorflow_od\Thermal Dogs and People.v1-resize-416x416.voc\train\IMG_0038_jpg.rf.400840ae815add24cd2e1a3e8d6a8640.jpg</path>
	<source>
		<database>Unknown</database>
	</source>
	<size>
		<width>416</width>
		<height>416</height>
		<depth>3</depth>
	</size>
	<segmented>0</segmented>
	<object>
		<name>person</name>
		<pose>Unspecified</pose>
		<truncated>0</truncated>
		<difficult>0</difficult>
		<bndbox>
			<xmin>319</xmin>
			<ymin>126</ymin>
			<xmax>336</xmax>
			<ymax>181</ymax>
		</bndbox>
	</object>
</annotation>
