<annotation>
	<folder>train</folder>
	<filename>IMG_0003_jpg.rf.af0b4202596e26ce6a457ba57c31af70.jpg</filename>
	<path>C:\Users\rsj99\Desktop\tensorflow_od\Thermal Dogs and People.v1-resize-416x416.voc\train\IMG_0003_jpg.rf.af0b4202596e26ce6a457ba57c31af70.jpg</path>
	<source>
		<database>Unknown</database>
	</source>
	<size>
		<width>416</width>
		<height>416</height>
		<depth>3</depth>
	</size>
	<segmented>0</segmented>
	<object>
		<name>dog</name>
		<pose>Unspecified</pose>
		<truncated>0</truncated>
		<difficult>0</difficult>
		<bndbox>
			<xmin>93</xmin>
			<ymin>200</ymin>
			<xmax>116</xmax>
			<ymax>242</ymax>
		</bndbox>
	</object>
</annotation>
