<annotation>
	<folder>train</folder>
	<filename>IMG_0014_jpg.rf.655d108ad03b65c53247b21882449968.jpg</filename>
	<path>C:\Users\rsj99\Desktop\tensorflow_od\Thermal Dogs and People.v1-resize-416x416.voc\train\IMG_0014_jpg.rf.655d108ad03b65c53247b21882449968.jpg</path>
	<source>
		<database>Unknown</database>
	</source>
	<size>
		<width>416</width>
		<height>416</height>
		<depth>3</depth>
	</size>
	<segmented>0</segmented>
	<object>
		<name>dog</name>
		<pose>Unspecified</pose>
		<truncated>0</truncated>
		<difficult>0</difficult>
		<bndbox>
			<xmin>299</xmin>
			<ymin>185</ymin>
			<xmax>327</xmax>
			<ymax>255</ymax>
		</bndbox>
	</object>
</annotation>
