<annotation verified="yes">
	<folder>train</folder>
	<filename>IMG_0097_jpg.rf.bf659b88d95add4b2cc4d25ebc5a3eff.jpg</filename>
	<path>C:\Users\rsj99\Desktop\tensorflow_od\Thermal Dogs and People.v1-resize-416x416.voc\train\IMG_0097_jpg.rf.bf659b88d95add4b2cc4d25ebc5a3eff.jpg</path>
	<source>
		<database>Unknown</database>
	</source>
	<size>
		<width>416</width>
		<height>416</height>
		<depth>3</depth>
	</size>
	<segmented>0</segmented>
	<object>
		<name>dog</name>
		<pose>Unspecified</pose>
		<truncated>0</truncated>
		<difficult>0</difficult>
		<bndbox>
			<xmin>56</xmin>
			<ymin>151</ymin>
			<xmax>345</xmax>
			<ymax>413</ymax>
		</bndbox>
	</object>
</annotation>
