<annotation>
	<folder>train</folder>
	<filename>IMG_0003 5_jpg.rf.4a67a32b3ecc5e10ecfe98f8ca57b243.jpg</filename>
	<path>C:\Users\rsj99\Desktop\tensorflow_od\Thermal Dogs and People.v1-resize-416x416.voc\train\IMG_0003 5_jpg.rf.4a67a32b3ecc5e10ecfe98f8ca57b243.jpg</path>
	<source>
		<database>Unknown</database>
	</source>
	<size>
		<width>416</width>
		<height>416</height>
		<depth>3</depth>
	</size>
	<segmented>0</segmented>
	<object>
		<name>person</name>
		<pose>Unspecified</pose>
		<truncated>0</truncated>
		<difficult>0</difficult>
		<bndbox>
			<xmin>214</xmin>
			<ymin>4</ymin>
			<xmax>293</xmax>
			<ymax>301</ymax>
		</bndbox>
	</object>
</annotation>
