<annotation>
	<folder>train</folder>
	<filename>IMG_0008 2_jpg.rf.12590c06dd9458d89e73ee35f8037c3d.jpg</filename>
	<path>C:\Users\rsj99\Desktop\tensorflow_od\Thermal Dogs and People.v1-resize-416x416.voc\train\IMG_0008 2_jpg.rf.12590c06dd9458d89e73ee35f8037c3d.jpg</path>
	<source>
		<database>Unknown</database>
	</source>
	<size>
		<width>416</width>
		<height>416</height>
		<depth>3</depth>
	</size>
	<segmented>0</segmented>
	<object>
		<name>person</name>
		<pose>Unspecified</pose>
		<truncated>0</truncated>
		<difficult>0</difficult>
		<bndbox>
			<xmin>343</xmin>
			<ymin>189</ymin>
			<xmax>377</xmax>
			<ymax>289</ymax>
		</bndbox>
	</object>
</annotation>
