<annotation>
	<folder>train</folder>
	<filename>IMG_0014 2_jpg.rf.eb183d2026608b14fecf0e099cd872af.jpg</filename>
	<path>C:\Users\rsj99\Desktop\tensorflow_od\Thermal Dogs and People.v1-resize-416x416.voc\train\IMG_0014 2_jpg.rf.eb183d2026608b14fecf0e099cd872af.jpg</path>
	<source>
		<database>Unknown</database>
	</source>
	<size>
		<width>416</width>
		<height>416</height>
		<depth>3</depth>
	</size>
	<segmented>0</segmented>
	<object>
		<name>person</name>
		<pose>Unspecified</pose>
		<truncated>0</truncated>
		<difficult>0</difficult>
		<bndbox>
			<xmin>292</xmin>
			<ymin>140</ymin>
			<xmax>326</xmax>
			<ymax>255</ymax>
		</bndbox>
	</object>
	<object>
		<name>person</name>
		<pose>Unspecified</pose>
		<truncated>0</truncated>
		<difficult>0</difficult>
		<bndbox>
			<xmin>251</xmin>
			<ymin>133</ymin>
			<xmax>291</xmax>
			<ymax>268</ymax>
		</bndbox>
	</object>
</annotation>
