<annotation>
	<folder>train</folder>
	<filename>IMG_0022 2_jpg.rf.9cdd093c379c7f405621ec9604bd4d0d.jpg</filename>
	<path>C:\Users\rsj99\Desktop\tensorflow_od\Thermal Dogs and People.v1-resize-416x416.voc\train\IMG_0022 2_jpg.rf.9cdd093c379c7f405621ec9604bd4d0d.jpg</path>
	<source>
		<database>Unknown</database>
	</source>
	<size>
		<width>416</width>
		<height>416</height>
		<depth>3</depth>
	</size>
	<segmented>0</segmented>
	<object>
		<name>person</name>
		<pose>Unspecified</pose>
		<truncated>0</truncated>
		<difficult>0</difficult>
		<bndbox>
			<xmin>336</xmin>
			<ymin>93</ymin>
			<xmax>362</xmax>
			<ymax>182</ymax>
		</bndbox>
	</object>
	<object>
		<name>person</name>
		<pose>Unspecified</pose>
		<truncated>0</truncated>
		<difficult>0</difficult>
		<bndbox>
			<xmin>307</xmin>
			<ymin>95</ymin>
			<xmax>335</xmax>
			<ymax>184</ymax>
		</bndbox>
	</object>
</annotation>
