<annotation>
	<folder>train</folder>
	<filename>IMG_0001 3_jpg.rf.6b8b2c1bb8549fa468fde71f35e3a72a.jpg</filename>
	<path>C:\Users\rsj99\Desktop\tensorflow_od\Thermal Dogs and People.v1-resize-416x416.voc\train\IMG_0001 3_jpg.rf.6b8b2c1bb8549fa468fde71f35e3a72a.jpg</path>
	<source>
		<database>Unknown</database>
	</source>
	<size>
		<width>416</width>
		<height>416</height>
		<depth>3</depth>
	</size>
	<segmented>0</segmented>
	<object>
		<name>person</name>
		<pose>Unspecified</pose>
		<truncated>0</truncated>
		<difficult>0</difficult>
		<bndbox>
			<xmin>323</xmin>
			<ymin>127</ymin>
			<xmax>379</xmax>
			<ymax>259</ymax>
		</bndbox>
	</object>
</annotation>
