<annotation>
	<folder>train</folder>
	<filename>IMG_0004 5_jpg.rf.d0cfba63244908e42219de8f45915dce.jpg</filename>
	<path>C:\Users\rsj99\Desktop\tensorflow_od\Thermal Dogs and People.v1-resize-416x416.voc\train\IMG_0004 5_jpg.rf.d0cfba63244908e42219de8f45915dce.jpg</path>
	<source>
		<database>Unknown</database>
	</source>
	<size>
		<width>416</width>
		<height>416</height>
		<depth>3</depth>
	</size>
	<segmented>0</segmented>
	<object>
		<name>person</name>
		<pose>Unspecified</pose>
		<truncated>0</truncated>
		<difficult>0</difficult>
		<bndbox>
			<xmin>211</xmin>
			<ymin>10</ymin>
			<xmax>288</xmax>
			<ymax>284</ymax>
		</bndbox>
	</object>
</annotation>
