<annotation verified="yes">
	<folder>train</folder>
	<filename>IMG_0056_jpg.rf.0255dca8946ea0a34592394acd67b11b.jpg</filename>
	<path>C:\Users\rsj99\Desktop\tensorflow_od\Thermal Dogs and People.v1-resize-416x416.voc\train\IMG_0056_jpg.rf.0255dca8946ea0a34592394acd67b11b.jpg</path>
	<source>
		<database>Unknown</database>
	</source>
	<size>
		<width>416</width>
		<height>416</height>
		<depth>3</depth>
	</size>
	<segmented>0</segmented>
	<object>
		<name>dog</name>
		<pose>Unspecified</pose>
		<truncated>0</truncated>
		<difficult>0</difficult>
		<bndbox>
			<xmin>40</xmin>
			<ymin>65</ymin>
			<xmax>324</xmax>
			<ymax>410</ymax>
		</bndbox>
	</object>
</annotation>
