<annotation verified="yes">
	<folder>train</folder>
	<filename>IMG_0081_jpg.rf.4abe8a65fb08be236971cdd879c48c49.jpg</filename>
	<path>C:\Users\rsj99\Desktop\tensorflow_od\Thermal Dogs and People.v1-resize-416x416.voc\train\IMG_0081_jpg.rf.4abe8a65fb08be236971cdd879c48c49.jpg</path>
	<source>
		<database>Unknown</database>
	</source>
	<size>
		<width>416</width>
		<height>416</height>
		<depth>3</depth>
	</size>
	<segmented>0</segmented>
	<object>
		<name>dog</name>
		<pose>Unspecified</pose>
		<truncated>0</truncated>
		<difficult>0</difficult>
		<bndbox>
			<xmin>26</xmin>
			<ymin>80</ymin>
			<xmax>234</xmax>
			<ymax>388</ymax>
		</bndbox>
	</object>
</annotation>
