<annotation verified="yes">
	<folder>train</folder>
	<filename>IMG_0040_jpg.rf.9d6ddb38434d8601f872e25ec1bcaed0.jpg</filename>
	<path>C:\Users\rsj99\Desktop\tensorflow_od\Thermal Dogs and People.v1-resize-416x416.voc\train\IMG_0040_jpg.rf.9d6ddb38434d8601f872e25ec1bcaed0.jpg</path>
	<source>
		<database>Unknown</database>
	</source>
	<size>
		<width>416</width>
		<height>416</height>
		<depth>3</depth>
	</size>
	<segmented>0</segmented>
	<object>
		<name>dog</name>
		<pose>Unspecified</pose>
		<truncated>0</truncated>
		<difficult>0</difficult>
		<bndbox>
			<xmin>18</xmin>
			<ymin>99</ymin>
			<xmax>396</xmax>
			<ymax>398</ymax>
		</bndbox>
	</object>
</annotation>
