<annotation verified="yes">
	<folder>train</folder>
	<filename>IMG_0054_jpg.rf.03e0fd11bad6afeb085f2f156d7fd043.jpg</filename>
	<path>C:\Users\rsj99\Desktop\tensorflow_od\Thermal Dogs and People.v1-resize-416x416.voc\train\IMG_0054_jpg.rf.03e0fd11bad6afeb085f2f156d7fd043.jpg</path>
	<source>
		<database>Unknown</database>
	</source>
	<size>
		<width>416</width>
		<height>416</height>
		<depth>3</depth>
	</size>
	<segmented>0</segmented>
	<object>
		<name>dog</name>
		<pose>Unspecified</pose>
		<truncated>0</truncated>
		<difficult>0</difficult>
		<bndbox>
			<xmin>33</xmin>
			<ymin>48</ymin>
			<xmax>330</xmax>
			<ymax>409</ymax>
		</bndbox>
	</object>
</annotation>
