<annotation verified="yes">
	<folder>train</folder>
	<filename>IMG_0057_jpg.rf.4c70b90c7846ee9ce3b879c93336dd6c.jpg</filename>
	<path>C:\Users\rsj99\Desktop\tensorflow_od\Thermal Dogs and People.v1-resize-416x416.voc\train\IMG_0057_jpg.rf.4c70b90c7846ee9ce3b879c93336dd6c.jpg</path>
	<source>
		<database>Unknown</database>
	</source>
	<size>
		<width>416</width>
		<height>416</height>
		<depth>3</depth>
	</size>
	<segmented>0</segmented>
	<object>
		<name>person</name>
		<pose>Unspecified</pose>
		<truncated>0</truncated>
		<difficult>0</difficult>
		<bndbox>
			<xmin>33</xmin>
			<ymin>2</ymin>
			<xmax>173</xmax>
			<ymax>392</ymax>
		</bndbox>
	</object>
	<object>
		<name>dog</name>
		<pose>Unspecified</pose>
		<truncated>0</truncated>
		<difficult>0</difficult>
		<bndbox>
			<xmin>159</xmin>
			<ymin>178</ymin>
			<xmax>329</xmax>
			<ymax>413</ymax>
		</bndbox>
	</object>
</annotation>
