<annotation>
	<folder>train</folder>
	<filename>IMG_0003 4_jpg.rf.f9cf0333c4f525754b9c6212805a5bec.jpg</filename>
	<path>C:\Users\rsj99\Desktop\tensorflow_od\Thermal Dogs and People.v1-resize-416x416.voc\train\IMG_0003 4_jpg.rf.f9cf0333c4f525754b9c6212805a5bec.jpg</path>
	<source>
		<database>Unknown</database>
	</source>
	<size>
		<width>416</width>
		<height>416</height>
		<depth>3</depth>
	</size>
	<segmented>0</segmented>
	<object>
		<name>person</name>
		<pose>Unspecified</pose>
		<truncated>0</truncated>
		<difficult>0</difficult>
		<bndbox>
			<xmin>271</xmin>
			<ymin>183</ymin>
			<xmax>308</xmax>
			<ymax>243</ymax>
		</bndbox>
	</object>
	<object>
		<name>person</name>
		<pose>Unspecified</pose>
		<truncated>0</truncated>
		<difficult>0</difficult>
		<bndbox>
			<xmin>221</xmin>
			<ymin>179</ymin>
			<xmax>274</xmax>
			<ymax>248</ymax>
		</bndbox>
	</object>
</annotation>
