<annotation verified="yes">
	<folder>train</folder>
	<filename>IMG_0068_jpg.rf.a00748daf28aaf8592711b81bb142b6d.jpg</filename>
	<path>C:\Users\rsj99\Desktop\tensorflow_od\Thermal Dogs and People.v1-resize-416x416.voc\train\IMG_0068_jpg.rf.a00748daf28aaf8592711b81bb142b6d.jpg</path>
	<source>
		<database>Unknown</database>
	</source>
	<size>
		<width>416</width>
		<height>416</height>
		<depth>3</depth>
	</size>
	<segmented>0</segmented>
	<object>
		<name>person</name>
		<pose>Unspecified</pose>
		<truncated>0</truncated>
		<difficult>0</difficult>
		<bndbox>
			<xmin>308</xmin>
			<ymin>79</ymin>
			<xmax>383</xmax>
			<ymax>304</ymax>
		</bndbox>
	</object>
	<object>
		<name>dog</name>
		<pose>Unspecified</pose>
		<truncated>0</truncated>
		<difficult>0</difficult>
		<bndbox>
			<xmin>206</xmin>
			<ymin>217</ymin>
			<xmax>296</xmax>
			<ymax>355</ymax>
		</bndbox>
	</object>
</annotation>
