<annotation verified="yes">
	<folder>train</folder>
	<filename>IMG_0087_jpg.rf.99e05b63c6208f51dcafc9ebb64ce858.jpg</filename>
	<path>C:\Users\rsj99\Desktop\tensorflow_od\Thermal Dogs and People.v1-resize-416x416.voc\train\IMG_0087_jpg.rf.99e05b63c6208f51dcafc9ebb64ce858.jpg</path>
	<source>
		<database>Unknown</database>
	</source>
	<size>
		<width>416</width>
		<height>416</height>
		<depth>3</depth>
	</size>
	<segmented>0</segmented>
	<object>
		<name>dog</name>
		<pose>Unspecified</pose>
		<truncated>0</truncated>
		<difficult>0</difficult>
		<bndbox>
			<xmin>10</xmin>
			<ymin>120</ymin>
			<xmax>328</xmax>
			<ymax>400</ymax>
		</bndbox>
	</object>
</annotation>
