<annotation>
	<folder>train</folder>
	<filename>IMG_0021_jpg.rf.a88916b14b4780a78b816f63c7bafd6d.jpg</filename>
	<path>C:\Users\rsj99\Desktop\tensorflow_od\Thermal Dogs and People.v1-resize-416x416.voc\train\IMG_0021_jpg.rf.a88916b14b4780a78b816f63c7bafd6d.jpg</path>
	<source>
		<database>Unknown</database>
	</source>
	<size>
		<width>416</width>
		<height>416</height>
		<depth>3</depth>
	</size>
	<segmented>0</segmented>
	<object>
		<name>dog</name>
		<pose>Unspecified</pose>
		<truncated>0</truncated>
		<difficult>0</difficult>
		<bndbox>
			<xmin>64</xmin>
			<ymin>75</ymin>
			<xmax>377</xmax>
			<ymax>412</ymax>
		</bndbox>
	</object>
</annotation>
