<annotation verified="yes">
	<folder>train</folder>
	<filename>IMG_0065_jpg.rf.7dab4e4097469f19d739a34f48f81e18.jpg</filename>
	<path>C:\Users\rsj99\Desktop\tensorflow_od\Thermal Dogs and People.v1-resize-416x416.voc\train\IMG_0065_jpg.rf.7dab4e4097469f19d739a34f48f81e18.jpg</path>
	<source>
		<database>Unknown</database>
	</source>
	<size>
		<width>416</width>
		<height>416</height>
		<depth>3</depth>
	</size>
	<segmented>0</segmented>
	<object>
		<name>dog</name>
		<pose>Unspecified</pose>
		<truncated>0</truncated>
		<difficult>0</difficult>
		<bndbox>
			<xmin>174</xmin>
			<ymin>217</ymin>
			<xmax>302</xmax>
			<ymax>412</ymax>
		</bndbox>
	</object>
	<object>
		<name>person</name>
		<pose>Unspecified</pose>
		<truncated>0</truncated>
		<difficult>0</difficult>
		<bndbox>
			<xmin>89</xmin>
			<ymin>2</ymin>
			<xmax>220</xmax>
			<ymax>412</ymax>
		</bndbox>
	</object>
</annotation>
