<annotation verified="yes">
	<folder>train</folder>
	<filename>IMG_0034_jpg.rf.ac7603e9ede042777df4e3e6689daea4.jpg</filename>
	<path>C:\Users\rsj99\Desktop\tensorflow_od\Thermal Dogs and People.v1-resize-416x416.voc\train\IMG_0034_jpg.rf.ac7603e9ede042777df4e3e6689daea4.jpg</path>
	<source>
		<database>Unknown</database>
	</source>
	<size>
		<width>416</width>
		<height>416</height>
		<depth>3</depth>
	</size>
	<segmented>0</segmented>
	<object>
		<name>dog</name>
		<pose>Unspecified</pose>
		<truncated>0</truncated>
		<difficult>0</difficult>
		<bndbox>
			<xmin>70</xmin>
			<ymin>62</ymin>
			<xmax>381</xmax>
			<ymax>402</ymax>
		</bndbox>
	</object>
</annotation>
