<annotation>
	<folder>train</folder>
	<filename>IMG_0013_jpg.rf.64785f107e53f89f1fe84ab32a0e1dd1.jpg</filename>
	<path>C:\Users\rsj99\Desktop\tensorflow_od\Thermal Dogs and People.v1-resize-416x416.voc\train\IMG_0013_jpg.rf.64785f107e53f89f1fe84ab32a0e1dd1.jpg</path>
	<source>
		<database>Unknown</database>
	</source>
	<size>
		<width>416</width>
		<height>416</height>
		<depth>3</depth>
	</size>
	<segmented>0</segmented>
	<object>
		<name>dog</name>
		<pose>Unspecified</pose>
		<truncated>0</truncated>
		<difficult>0</difficult>
		<bndbox>
			<xmin>248</xmin>
			<ymin>180</ymin>
			<xmax>292</xmax>
			<ymax>233</ymax>
		</bndbox>
	</object>
</annotation>
