<annotation verified="yes">
	<folder>train</folder>
	<filename>IMG_0066_jpg.rf.058020aa5c27e227cf44d4e8378b135d.jpg</filename>
	<path>C:\Users\rsj99\Desktop\tensorflow_od\Thermal Dogs and People.v1-resize-416x416.voc\train\IMG_0066_jpg.rf.058020aa5c27e227cf44d4e8378b135d.jpg</path>
	<source>
		<database>Unknown</database>
	</source>
	<size>
		<width>416</width>
		<height>416</height>
		<depth>3</depth>
	</size>
	<segmented>0</segmented>
	<object>
		<name>person</name>
		<pose>Unspecified</pose>
		<truncated>0</truncated>
		<difficult>0</difficult>
		<bndbox>
			<xmin>102</xmin>
			<ymin>4</ymin>
			<xmax>236</xmax>
			<ymax>413</ymax>
		</bndbox>
	</object>
	<object>
		<name>dog</name>
		<pose>Unspecified</pose>
		<truncated>0</truncated>
		<difficult>0</difficult>
		<bndbox>
			<xmin>191</xmin>
			<ymin>218</ymin>
			<xmax>313</xmax>
			<ymax>412</ymax>
		</bndbox>
	</object>
</annotation>
