<annotation verified="yes">
	<folder>train</folder>
	<filename>IMG_0110_jpg.rf.a824b77eea83813b25cda4f46ee50e32.jpg</filename>
	<path>C:\Users\rsj99\Desktop\tensorflow_od\Thermal Dogs and People.v1-resize-416x416.voc\train\IMG_0110_jpg.rf.a824b77eea83813b25cda4f46ee50e32.jpg</path>
	<source>
		<database>Unknown</database>
	</source>
	<size>
		<width>416</width>
		<height>416</height>
		<depth>3</depth>
	</size>
	<segmented>0</segmented>
	<object>
		<name>person</name>
		<pose>Unspecified</pose>
		<truncated>0</truncated>
		<difficult>0</difficult>
		<bndbox>
			<xmin>320</xmin>
			<ymin>238</ymin>
			<xmax>348</xmax>
			<ymax>271</ymax>
		</bndbox>
	</object>
	<object>
		<name>person</name>
		<pose>Unspecified</pose>
		<truncated>0</truncated>
		<difficult>0</difficult>
		<bndbox>
			<xmin>292</xmin>
			<ymin>242</ymin>
			<xmax>317</xmax>
			<ymax>272</ymax>
		</bndbox>
	</object>
</annotation>
