<annotation verified="yes">
	<folder>train</folder>
	<filename>IMG_0052 2_jpg.rf.31d5dacbd08b5278204cd220fb1b8b0c.jpg</filename>
	<path>C:\Users\rsj99\Desktop\tensorflow_od\Thermal Dogs and People.v1-resize-416x416.voc\train\IMG_0052 2_jpg.rf.31d5dacbd08b5278204cd220fb1b8b0c.jpg</path>
	<source>
		<database>Unknown</database>
	</source>
	<size>
		<width>416</width>
		<height>416</height>
		<depth>3</depth>
	</size>
	<segmented>0</segmented>
	<object>
		<name>person</name>
		<pose>Unspecified</pose>
		<truncated>0</truncated>
		<difficult>0</difficult>
		<bndbox>
			<xmin>247</xmin>
			<ymin>122</ymin>
			<xmax>280</xmax>
			<ymax>165</ymax>
		</bndbox>
	</object>
</annotation>
