<annotation>
	<folder>train</folder>
	<filename>IMG_0007 5_jpg.rf.b6cc103cc795e75cf124dc75dbdcccc0.jpg</filename>
	<path>C:\Users\rsj99\Desktop\tensorflow_od\Thermal Dogs and People.v1-resize-416x416.voc\train\IMG_0007 5_jpg.rf.b6cc103cc795e75cf124dc75dbdcccc0.jpg</path>
	<source>
		<database>Unknown</database>
	</source>
	<size>
		<width>416</width>
		<height>416</height>
		<depth>3</depth>
	</size>
	<segmented>0</segmented>
	<object>
		<name>person</name>
		<pose>Unspecified</pose>
		<truncated>0</truncated>
		<difficult>0</difficult>
		<bndbox>
			<xmin>42</xmin>
			<ymin>2</ymin>
			<xmax>179</xmax>
			<ymax>381</ymax>
		</bndbox>
	</object>
	<object>
		<name>dog</name>
		<pose>Unspecified</pose>
		<truncated>0</truncated>
		<difficult>0</difficult>
		<bndbox>
			<xmin>194</xmin>
			<ymin>219</ymin>
			<xmax>311</xmax>
			<ymax>412</ymax>
		</bndbox>
	</object>
</annotation>
