<annotation verified="yes">
	<folder>train</folder>
	<filename>IMG_0112_jpg.rf.016d04c2af3bc0221a5153d6af8b9f30.jpg</filename>
	<path>C:\Users\rsj99\Desktop\tensorflow_od\Thermal Dogs and People.v1-resize-416x416.voc\train\IMG_0112_jpg.rf.016d04c2af3bc0221a5153d6af8b9f30.jpg</path>
	<source>
		<database>Unknown</database>
	</source>
	<size>
		<width>416</width>
		<height>416</height>
		<depth>3</depth>
	</size>
	<segmented>0</segmented>
	<object>
		<name>person</name>
		<pose>Unspecified</pose>
		<truncated>0</truncated>
		<difficult>0</difficult>
		<bndbox>
			<xmin>288</xmin>
			<ymin>246</ymin>
			<xmax>307</xmax>
			<ymax>273</ymax>
		</bndbox>
	</object>
</annotation>
