<annotation>
	<folder>train</folder>
	<filename>IMG_0016_jpg.rf.f3040fdd34001f3abf681e286bf714de.jpg</filename>
	<path>C:\Users\rsj99\Desktop\tensorflow_od\Thermal Dogs and People.v1-resize-416x416.voc\train\IMG_0016_jpg.rf.f3040fdd34001f3abf681e286bf714de.jpg</path>
	<source>
		<database>Unknown</database>
	</source>
	<size>
		<width>416</width>
		<height>416</height>
		<depth>3</depth>
	</size>
	<segmented>0</segmented>
	<object>
		<name>dog</name>
		<pose>Unspecified</pose>
		<truncated>0</truncated>
		<difficult>0</difficult>
		<bndbox>
			<xmin>127</xmin>
			<ymin>143</ymin>
			<xmax>235</xmax>
			<ymax>261</ymax>
		</bndbox>
	</object>
</annotation>
