<annotation>
	<folder>train</folder>
	<filename>IMG_0013 3_jpg.rf.e38fc310e4dbab101a7c592e9211d046.jpg</filename>
	<path>C:\Users\rsj99\Desktop\tensorflow_od\Thermal Dogs and People.v1-resize-416x416.voc\train\IMG_0013 3_jpg.rf.e38fc310e4dbab101a7c592e9211d046.jpg</path>
	<source>
		<database>Unknown</database>
	</source>
	<size>
		<width>416</width>
		<height>416</height>
		<depth>3</depth>
	</size>
	<segmented>0</segmented>
	<object>
		<name>person</name>
		<pose>Unspecified</pose>
		<truncated>1</truncated>
		<difficult>0</difficult>
		<bndbox>
			<xmin>249</xmin>
			<ymin>16</ymin>
			<xmax>416</xmax>
			<ymax>415</ymax>
		</bndbox>
	</object>
</annotation>
