<annotation>
	<folder>train</folder>
	<filename>IMG_0004 4_jpg.rf.a4bbc60eb95b6ce5f40ad0e7f4237b01.jpg</filename>
	<path>C:\Users\rsj99\Desktop\tensorflow_od\Thermal Dogs and People.v1-resize-416x416.voc\train\IMG_0004 4_jpg.rf.a4bbc60eb95b6ce5f40ad0e7f4237b01.jpg</path>
	<source>
		<database>Unknown</database>
	</source>
	<size>
		<width>416</width>
		<height>416</height>
		<depth>3</depth>
	</size>
	<segmented>0</segmented>
	<object>
		<name>person</name>
		<pose>Unspecified</pose>
		<truncated>0</truncated>
		<difficult>0</difficult>
		<bndbox>
			<xmin>294</xmin>
			<ymin>160</ymin>
			<xmax>331</xmax>
			<ymax>219</ymax>
		</bndbox>
	</object>
	<object>
		<name>person</name>
		<pose>Unspecified</pose>
		<truncated>0</truncated>
		<difficult>0</difficult>
		<bndbox>
			<xmin>253</xmin>
			<ymin>156</ymin>
			<xmax>297</xmax>
			<ymax>225</ymax>
		</bndbox>
	</object>
</annotation>
