<annotation verified="yes">
	<folder>train</folder>
	<filename>IMG_0064_jpg.rf.07406ea9809d2492712b3e2fa3a857b3.jpg</filename>
	<path>C:\Users\rsj99\Desktop\tensorflow_od\Thermal Dogs and People.v1-resize-416x416.voc\train\IMG_0064_jpg.rf.07406ea9809d2492712b3e2fa3a857b3.jpg</path>
	<source>
		<database>Unknown</database>
	</source>
	<size>
		<width>416</width>
		<height>416</height>
		<depth>3</depth>
	</size>
	<segmented>0</segmented>
	<object>
		<name>person</name>
		<pose>Unspecified</pose>
		<truncated>0</truncated>
		<difficult>0</difficult>
		<bndbox>
			<xmin>96</xmin>
			<ymin>10</ymin>
			<xmax>232</xmax>
			<ymax>411</ymax>
		</bndbox>
	</object>
	<object>
		<name>dog</name>
		<pose>Unspecified</pose>
		<truncated>0</truncated>
		<difficult>0</difficult>
		<bndbox>
			<xmin>182</xmin>
			<ymin>242</ymin>
			<xmax>313</xmax>
			<ymax>412</ymax>
		</bndbox>
	</object>
</annotation>
