<annotation>
	<folder>train</folder>
	<filename>IMG_0023_jpg.rf.ee11f7137fe68851929f6de26e94ad97.jpg</filename>
	<path>C:\Users\rsj99\Desktop\tensorflow_od\Thermal Dogs and People.v1-resize-416x416.voc\train\IMG_0023_jpg.rf.ee11f7137fe68851929f6de26e94ad97.jpg</path>
	<source>
		<database>Unknown</database>
	</source>
	<size>
		<width>416</width>
		<height>416</height>
		<depth>3</depth>
	</size>
	<segmented>0</segmented>
	<object>
		<name>dog</name>
		<pose>Unspecified</pose>
		<truncated>0</truncated>
		<difficult>0</difficult>
		<bndbox>
			<xmin>83</xmin>
			<ymin>115</ymin>
			<xmax>355</xmax>
			<ymax>394</ymax>
		</bndbox>
	</object>
</annotation>
