<annotation verified="yes">
	<folder>train</folder>
	<filename>IMG_0053 2_jpg.rf.423aedd36faa4d80660bd041f280fdac.jpg</filename>
	<path>C:\Users\rsj99\Desktop\tensorflow_od\Thermal Dogs and People.v1-resize-416x416.voc\train\IMG_0053 2_jpg.rf.423aedd36faa4d80660bd041f280fdac.jpg</path>
	<source>
		<database>Unknown</database>
	</source>
	<size>
		<width>416</width>
		<height>416</height>
		<depth>3</depth>
	</size>
	<segmented>0</segmented>
	<object>
		<name>person</name>
		<pose>Unspecified</pose>
		<truncated>0</truncated>
		<difficult>0</difficult>
		<bndbox>
			<xmin>311</xmin>
			<ymin>95</ymin>
			<xmax>338</xmax>
			<ymax>136</ymax>
		</bndbox>
	</object>
</annotation>
