<annotation verified="yes">
	<folder>train</folder>
	<filename>IMG_0037_jpg.rf.3002f3e0353fc10886c1141a89fee7c5.jpg</filename>
	<path>C:\Users\rsj99\Desktop\tensorflow_od\Thermal Dogs and People.v1-resize-416x416.voc\train\IMG_0037_jpg.rf.3002f3e0353fc10886c1141a89fee7c5.jpg</path>
	<source>
		<database>Unknown</database>
	</source>
	<size>
		<width>416</width>
		<height>416</height>
		<depth>3</depth>
	</size>
	<segmented>0</segmented>
	<object>
		<name>dog</name>
		<pose>Unspecified</pose>
		<truncated>0</truncated>
		<difficult>0</difficult>
		<bndbox>
			<xmin>69</xmin>
			<ymin>98</ymin>
			<xmax>384</xmax>
			<ymax>395</ymax>
		</bndbox>
	</object>
</annotation>
