<annotation>
	<folder>train</folder>
	<filename>IMG_0067_jpg.rf.7ccff52ab0ce02efae00b594648a07c1.jpg</filename>
	<path>C:\Users\rsj99\Desktop\tensorflow_od\Thermal Dogs and People.v1-resize-416x416.voc\train\IMG_0067_jpg.rf.7ccff52ab0ce02efae00b594648a07c1.jpg</path>
	<source>
		<database>Unknown</database>
	</source>
	<size>
		<width>416</width>
		<height>416</height>
		<depth>3</depth>
	</size>
	<segmented>0</segmented>
	<object>
		<name>dog</name>
		<pose>Unspecified</pose>
		<truncated>0</truncated>
		<difficult>0</difficult>
		<bndbox>
			<xmin>190</xmin>
			<ymin>217</ymin>
			<xmax>312</xmax>
			<ymax>412</ymax>
		</bndbox>
	</object>
	<object>
		<name>person</name>
		<pose>Unspecified</pose>
		<truncated>0</truncated>
		<difficult>0</difficult>
		<bndbox>
			<xmin>97</xmin>
			<ymin>4</ymin>
			<xmax>233</xmax>
			<ymax>412</ymax>
		</bndbox>
	</object>
</annotation>
