<annotation verified="yes">
	<folder>train</folder>
	<filename>IMG_0080_jpg.rf.e604b7f720f52b80eb22e503b3125abb.jpg</filename>
	<path>C:\Users\rsj99\Desktop\tensorflow_od\Thermal Dogs and People.v1-resize-416x416.voc\train\IMG_0080_jpg.rf.e604b7f720f52b80eb22e503b3125abb.jpg</path>
	<source>
		<database>Unknown</database>
	</source>
	<size>
		<width>416</width>
		<height>416</height>
		<depth>3</depth>
	</size>
	<segmented>0</segmented>
	<object>
		<name>dog</name>
		<pose>Unspecified</pose>
		<truncated>0</truncated>
		<difficult>0</difficult>
		<bndbox>
			<xmin>215</xmin>
			<ymin>172</ymin>
			<xmax>284</xmax>
			<ymax>362</ymax>
		</bndbox>
	</object>
</annotation>
