<annotation verified="yes">
	<folder>train</folder>
	<filename>IMG_0051_jpg.rf.b45f6ec5f7fa576d8653edd1dad889fd.jpg</filename>
	<path>C:\Users\rsj99\Desktop\tensorflow_od\Thermal Dogs and People.v1-resize-416x416.voc\train\IMG_0051_jpg.rf.b45f6ec5f7fa576d8653edd1dad889fd.jpg</path>
	<source>
		<database>Unknown</database>
	</source>
	<size>
		<width>416</width>
		<height>416</height>
		<depth>3</depth>
	</size>
	<segmented>0</segmented>
	<object>
		<name>dog</name>
		<pose>Unspecified</pose>
		<truncated>0</truncated>
		<difficult>0</difficult>
		<bndbox>
			<xmin>150</xmin>
			<ymin>27</ymin>
			<xmax>366</xmax>
			<ymax>394</ymax>
		</bndbox>
	</object>
</annotation>
