<annotation verified="yes">
	<folder>train</folder>
	<filename>IMG_0085_jpg.rf.67559ef66be91895abe3fb3df2e0b146.jpg</filename>
	<path>C:\Users\rsj99\Desktop\tensorflow_od\Thermal Dogs and People.v1-resize-416x416.voc\train\IMG_0085_jpg.rf.67559ef66be91895abe3fb3df2e0b146.jpg</path>
	<source>
		<database>Unknown</database>
	</source>
	<size>
		<width>416</width>
		<height>416</height>
		<depth>3</depth>
	</size>
	<segmented>0</segmented>
	<object>
		<name>dog</name>
		<pose>Unspecified</pose>
		<truncated>0</truncated>
		<difficult>0</difficult>
		<bndbox>
			<xmin>2</xmin>
			<ymin>85</ymin>
			<xmax>380</xmax>
			<ymax>411</ymax>
		</bndbox>
	</object>
</annotation>
