<annotation>
	<folder>train</folder>
	<filename>IMG_0017 2_jpg.rf.8b47c9b952e09bf0ac96b1a173ccf10d.jpg</filename>
	<path>C:\Users\rsj99\Desktop\tensorflow_od\Thermal Dogs and People.v1-resize-416x416.voc\train\IMG_0017 2_jpg.rf.8b47c9b952e09bf0ac96b1a173ccf10d.jpg</path>
	<source>
		<database>Unknown</database>
	</source>
	<size>
		<width>416</width>
		<height>416</height>
		<depth>3</depth>
	</size>
	<segmented>0</segmented>
	<object>
		<name>person</name>
		<pose>Unspecified</pose>
		<truncated>0</truncated>
		<difficult>0</difficult>
		<bndbox>
			<xmin>280</xmin>
			<ymin>109</ymin>
			<xmax>315</xmax>
			<ymax>214</ymax>
		</bndbox>
	</object>
	<object>
		<name>person</name>
		<pose>Unspecified</pose>
		<truncated>0</truncated>
		<difficult>0</difficult>
		<bndbox>
			<xmin>237</xmin>
			<ymin>116</ymin>
			<xmax>275</xmax>
			<ymax>228</ymax>
		</bndbox>
	</object>
</annotation>
