<annotation>
	<folder>train</folder>
	<filename>IMG_0004 3_jpg.rf.98a6a0ede45ecddb3c3da7c1e984d663.jpg</filename>
	<path>C:\Users\rsj99\Desktop\tensorflow_od\Thermal Dogs and People.v1-resize-416x416.voc\train\IMG_0004 3_jpg.rf.98a6a0ede45ecddb3c3da7c1e984d663.jpg</path>
	<source>
		<database>Unknown</database>
	</source>
	<size>
		<width>416</width>
		<height>416</height>
		<depth>3</depth>
	</size>
	<segmented>0</segmented>
	<object>
		<name>dog</name>
		<pose>Unspecified</pose>
		<truncated>0</truncated>
		<difficult>0</difficult>
		<bndbox>
			<xmin>7</xmin>
			<ymin>172</ymin>
			<xmax>252</xmax>
			<ymax>293</ymax>
		</bndbox>
	</object>
</annotation>
