<annotation verified="yes">
	<folder>train</folder>
	<filename>IMG_0101_jpg.rf.34c0c756031f3cf84c3d52d06431f79e.jpg</filename>
	<path>C:\Users\rsj99\Desktop\tensorflow_od\Thermal Dogs and People.v1-resize-416x416.voc\train\IMG_0101_jpg.rf.34c0c756031f3cf84c3d52d06431f79e.jpg</path>
	<source>
		<database>Unknown</database>
	</source>
	<size>
		<width>416</width>
		<height>416</height>
		<depth>3</depth>
	</size>
	<segmented>0</segmented>
	<object>
		<name>person</name>
		<pose>Unspecified</pose>
		<truncated>0</truncated>
		<difficult>0</difficult>
		<bndbox>
			<xmin>73</xmin>
			<ymin>69</ymin>
			<xmax>165</xmax>
			<ymax>293</ymax>
		</bndbox>
	</object>
	<object>
		<name>dog</name>
		<pose>Unspecified</pose>
		<truncated>0</truncated>
		<difficult>0</difficult>
		<bndbox>
			<xmin>265</xmin>
			<ymin>228</ymin>
			<xmax>369</xmax>
			<ymax>351</ymax>
		</bndbox>
	</object>
</annotation>
