<annotation verified="yes">
	<folder>train</folder>
	<filename>IMG_0078_jpg.rf.c24c906e3e74df7b836fc61f250fb029.jpg</filename>
	<path>C:\Users\rsj99\Desktop\tensorflow_od\Thermal Dogs and People.v1-resize-416x416.voc\train\IMG_0078_jpg.rf.c24c906e3e74df7b836fc61f250fb029.jpg</path>
	<source>
		<database>Unknown</database>
	</source>
	<size>
		<width>416</width>
		<height>416</height>
		<depth>3</depth>
	</size>
	<segmented>0</segmented>
	<object>
		<name>dog</name>
		<pose>Unspecified</pose>
		<truncated>0</truncated>
		<difficult>0</difficult>
		<bndbox>
			<xmin>255</xmin>
			<ymin>186</ymin>
			<xmax>331</xmax>
			<ymax>341</ymax>
		</bndbox>
	</object>
</annotation>
