<annotation>
	<folder>train</folder>
	<filename>IMG_0016 3_jpg.rf.bc87ca013fe52e895cf2b20074742837.jpg</filename>
	<path>C:\Users\rsj99\Desktop\tensorflow_od\Thermal Dogs and People.v1-resize-416x416.voc\train\IMG_0016 3_jpg.rf.bc87ca013fe52e895cf2b20074742837.jpg</path>
	<source>
		<database>Unknown</database>
	</source>
	<size>
		<width>416</width>
		<height>416</height>
		<depth>3</depth>
	</size>
	<segmented>0</segmented>
	<object>
		<name>person</name>
		<pose>Unspecified</pose>
		<truncated>1</truncated>
		<difficult>0</difficult>
		<bndbox>
			<xmin>66</xmin>
			<ymin>15</ymin>
			<xmax>266</xmax>
			<ymax>416</ymax>
		</bndbox>
	</object>
</annotation>
