<annotation verified="yes">
	<folder>train</folder>
	<filename>IMG_0028 2_jpg.rf.939e19ec18924d173a6f9f513f6d678d.jpg</filename>
	<path>C:\Users\rsj99\Desktop\tensorflow_od\Thermal Dogs and People.v1-resize-416x416.voc\train\IMG_0028 2_jpg.rf.939e19ec18924d173a6f9f513f6d678d.jpg</path>
	<source>
		<database>Unknown</database>
	</source>
	<size>
		<width>416</width>
		<height>416</height>
		<depth>3</depth>
	</size>
	<segmented>0</segmented>
	<object>
		<name>person</name>
		<pose>Unspecified</pose>
		<truncated>0</truncated>
		<difficult>0</difficult>
		<bndbox>
			<xmin>296</xmin>
			<ymin>194</ymin>
			<xmax>345</xmax>
			<ymax>274</ymax>
		</bndbox>
	</object>
</annotation>
