<annotation>
	<folder>train</folder>
	<filename>IMG_0026_jpg.rf.d4906807659e735dfa2e6224ad2e63b7.jpg</filename>
	<path>C:\Users\rsj99\Desktop\tensorflow_od\Thermal Dogs and People.v1-resize-416x416.voc\train\IMG_0026_jpg.rf.d4906807659e735dfa2e6224ad2e63b7.jpg</path>
	<source>
		<database>Unknown</database>
	</source>
	<size>
		<width>416</width>
		<height>416</height>
		<depth>3</depth>
	</size>
	<segmented>0</segmented>
	<object>
		<name>dog</name>
		<pose>Unspecified</pose>
		<truncated>0</truncated>
		<difficult>0</difficult>
		<bndbox>
			<xmin>53</xmin>
			<ymin>111</ymin>
			<xmax>323</xmax>
			<ymax>387</ymax>
		</bndbox>
	</object>
</annotation>
