<annotation verified="yes">
	<folder>train</folder>
	<filename>IMG_0073_jpg.rf.de782132048a329609d1ae3652a1ecfe.jpg</filename>
	<path>C:\Users\rsj99\Desktop\tensorflow_od\Thermal Dogs and People.v1-resize-416x416.voc\train\IMG_0073_jpg.rf.de782132048a329609d1ae3652a1ecfe.jpg</path>
	<source>
		<database>Unknown</database>
	</source>
	<size>
		<width>416</width>
		<height>416</height>
		<depth>3</depth>
	</size>
	<segmented>0</segmented>
	<object>
		<name>person</name>
		<pose>Unspecified</pose>
		<truncated>0</truncated>
		<difficult>0</difficult>
		<bndbox>
			<xmin>255</xmin>
			<ymin>14</ymin>
			<xmax>337</xmax>
			<ymax>302</ymax>
		</bndbox>
	</object>
	<object>
		<name>dog</name>
		<pose>Unspecified</pose>
		<truncated>0</truncated>
		<difficult>0</difficult>
		<bndbox>
			<xmin>254</xmin>
			<ymin>200</ymin>
			<xmax>337</xmax>
			<ymax>377</ymax>
		</bndbox>
	</object>
</annotation>
