<annotation>
	<folder>train</folder>
	<filename>IMG_0025_jpg.rf.5c4e860d8223b16547faae8a97697525.jpg</filename>
	<path>C:\Users\rsj99\Desktop\tensorflow_od\Thermal Dogs and People.v1-resize-416x416.voc\train\IMG_0025_jpg.rf.5c4e860d8223b16547faae8a97697525.jpg</path>
	<source>
		<database>Unknown</database>
	</source>
	<size>
		<width>416</width>
		<height>416</height>
		<depth>3</depth>
	</size>
	<segmented>0</segmented>
	<object>
		<name>dog</name>
		<pose>Unspecified</pose>
		<truncated>0</truncated>
		<difficult>0</difficult>
		<bndbox>
			<xmin>82</xmin>
			<ymin>86</ymin>
			<xmax>347</xmax>
			<ymax>396</ymax>
		</bndbox>
	</object>
</annotation>
