<annotation verified="yes">
	<folder>train</folder>
	<filename>IMG_0094_jpg.rf.03dbd175cdbd5379608debcc783a5361.jpg</filename>
	<path>C:\Users\rsj99\Desktop\tensorflow_od\Thermal Dogs and People.v1-resize-416x416.voc\train\IMG_0094_jpg.rf.03dbd175cdbd5379608debcc783a5361.jpg</path>
	<source>
		<database>Unknown</database>
	</source>
	<size>
		<width>416</width>
		<height>416</height>
		<depth>3</depth>
	</size>
	<segmented>0</segmented>
	<object>
		<name>person</name>
		<pose>Unspecified</pose>
		<truncated>0</truncated>
		<difficult>0</difficult>
		<bndbox>
			<xmin>256</xmin>
			<ymin>207</ymin>
			<xmax>283</xmax>
			<ymax>248</ymax>
		</bndbox>
	</object>
	<object>
		<name>person</name>
		<pose>Unspecified</pose>
		<truncated>0</truncated>
		<difficult>0</difficult>
		<bndbox>
			<xmin>238</xmin>
			<ymin>210</ymin>
			<xmax>259</xmax>
			<ymax>250</ymax>
		</bndbox>
	</object>
</annotation>
