<annotation>
	<folder>train</folder>
	<filename>IMG_0004 2_jpg.rf.70393df2ea42aae5b9f7ce486efd7048.jpg</filename>
	<path>C:\Users\rsj99\Desktop\tensorflow_od\Thermal Dogs and People.v1-resize-416x416.voc\train\IMG_0004 2_jpg.rf.70393df2ea42aae5b9f7ce486efd7048.jpg</path>
	<source>
		<database>Unknown</database>
	</source>
	<size>
		<width>416</width>
		<height>416</height>
		<depth>3</depth>
	</size>
	<segmented>0</segmented>
	<object>
		<name>dog</name>
		<pose>Unspecified</pose>
		<truncated>0</truncated>
		<difficult>0</difficult>
		<bndbox>
			<xmin>44</xmin>
			<ymin>42</ymin>
			<xmax>354</xmax>
			<ymax>360</ymax>
		</bndbox>
	</object>
</annotation>
