<annotation>
	<folder>train</folder>
	<filename>IMG_0005 3_jpg.rf.5945f67a18b71dd992f09b16d92cae03.jpg</filename>
	<path>C:\Users\rsj99\Desktop\tensorflow_od\Thermal Dogs and People.v1-resize-416x416.voc\train\IMG_0005 3_jpg.rf.5945f67a18b71dd992f09b16d92cae03.jpg</path>
	<source>
		<database>Unknown</database>
	</source>
	<size>
		<width>416</width>
		<height>416</height>
		<depth>3</depth>
	</size>
	<segmented>0</segmented>
	<object>
		<name>person</name>
		<pose>Unspecified</pose>
		<truncated>0</truncated>
		<difficult>0</difficult>
		<bndbox>
			<xmin>279</xmin>
			<ymin>168</ymin>
			<xmax>312</xmax>
			<ymax>225</ymax>
		</bndbox>
	</object>
	<object>
		<name>person</name>
		<pose>Unspecified</pose>
		<truncated>0</truncated>
		<difficult>0</difficult>
		<bndbox>
			<xmin>236</xmin>
			<ymin>161</ymin>
			<xmax>281</xmax>
			<ymax>230</ymax>
		</bndbox>
	</object>
</annotation>
