<annotation verified="yes">
	<folder>train</folder>
	<filename>IMG_0044 2_jpg.rf.dc4dc92b3d221928d1da1330c1688a89.jpg</filename>
	<path>C:\Users\rsj99\Desktop\tensorflow_od\Thermal Dogs and People.v1-resize-416x416.voc\train\IMG_0044 2_jpg.rf.dc4dc92b3d221928d1da1330c1688a89.jpg</path>
	<source>
		<database>Unknown</database>
	</source>
	<size>
		<width>416</width>
		<height>416</height>
		<depth>3</depth>
	</size>
	<segmented>0</segmented>
	<object>
		<name>person</name>
		<pose>Unspecified</pose>
		<truncated>0</truncated>
		<difficult>0</difficult>
		<bndbox>
			<xmin>260</xmin>
			<ymin>131</ymin>
			<xmax>313</xmax>
			<ymax>246</ymax>
		</bndbox>
	</object>
	<object>
		<name>person</name>
		<pose>Unspecified</pose>
		<truncated>0</truncated>
		<difficult>0</difficult>
		<bndbox>
			<xmin>208</xmin>
			<ymin>126</ymin>
			<xmax>256</xmax>
			<ymax>243</ymax>
		</bndbox>
	</object>
	<object>
		<name>person</name>
		<pose>Unspecified</pose>
		<truncated>0</truncated>
		<difficult>0</difficult>
		<bndbox>
			<xmin>156</xmin>
			<ymin>124</ymin>
			<xmax>211</xmax>
			<ymax>252</ymax>
		</bndbox>
	</object>
</annotation>
