<annotation verified="yes">
	<folder>train</folder>
	<filename>IMG_0077_jpg.rf.dad2eb6eb2b46976ef79fd03fc590879.jpg</filename>
	<path>C:\Users\rsj99\Desktop\tensorflow_od\Thermal Dogs and People.v1-resize-416x416.voc\train\IMG_0077_jpg.rf.dad2eb6eb2b46976ef79fd03fc590879.jpg</path>
	<source>
		<database>Unknown</database>
	</source>
	<size>
		<width>416</width>
		<height>416</height>
		<depth>3</depth>
	</size>
	<segmented>0</segmented>
	<object>
		<name>person</name>
		<pose>Unspecified</pose>
		<truncated>0</truncated>
		<difficult>0</difficult>
		<bndbox>
			<xmin>188</xmin>
			<ymin>2</ymin>
			<xmax>247</xmax>
			<ymax>266</ymax>
		</bndbox>
	</object>
	<object>
		<name>dog</name>
		<pose>Unspecified</pose>
		<truncated>0</truncated>
		<difficult>0</difficult>
		<bndbox>
			<xmin>261</xmin>
			<ymin>191</ymin>
			<xmax>326</xmax>
			<ymax>346</ymax>
		</bndbox>
	</object>
</annotation>
