<annotation verified="yes">
	<folder>train</folder>
	<filename>IMG_0032_jpg.rf.f4a360270c4f8e13d0717d8f9680e56c.jpg</filename>
	<path>C:\Users\rsj99\Desktop\tensorflow_od\Thermal Dogs and People.v1-resize-416x416.voc\train\IMG_0032_jpg.rf.f4a360270c4f8e13d0717d8f9680e56c.jpg</path>
	<source>
		<database>Unknown</database>
	</source>
	<size>
		<width>416</width>
		<height>416</height>
		<depth>3</depth>
	</size>
	<segmented>0</segmented>
	<object>
		<name>dog</name>
		<pose>Unspecified</pose>
		<truncated>0</truncated>
		<difficult>0</difficult>
		<bndbox>
			<xmin>100</xmin>
			<ymin>110</ymin>
			<xmax>348</xmax>
			<ymax>411</ymax>
		</bndbox>
	</object>
</annotation>
