<annotation>
	<folder>train</folder>
	<filename>IMG_0017 3_jpg.rf.52515a333e393ad3f072dfc069ae5832.jpg</filename>
	<path>C:\Users\rsj99\Desktop\tensorflow_od\Thermal Dogs and People.v1-resize-416x416.voc\train\IMG_0017 3_jpg.rf.52515a333e393ad3f072dfc069ae5832.jpg</path>
	<source>
		<database>Unknown</database>
	</source>
	<size>
		<width>416</width>
		<height>416</height>
		<depth>3</depth>
	</size>
	<segmented>0</segmented>
	<object>
		<name>person</name>
		<pose>Unspecified</pose>
		<truncated>1</truncated>
		<difficult>0</difficult>
		<bndbox>
			<xmin>51</xmin>
			<ymin>27</ymin>
			<xmax>242</xmax>
			<ymax>416</ymax>
		</bndbox>
	</object>
</annotation>
