<annotation>
	<folder>train</folder>
	<filename>IMG_0090_jpg.rf.939af94c1639212b6afe925cd7e856a8.jpg</filename>
	<path>C:\Users\rsj99\Desktop\tensorflow_od\Thermal Dogs and People.v1-resize-416x416.voc\train\IMG_0090_jpg.rf.939af94c1639212b6afe925cd7e856a8.jpg</path>
	<source>
		<database>Unknown</database>
	</source>
	<size>
		<width>416</width>
		<height>416</height>
		<depth>3</depth>
	</size>
	<segmented>0</segmented>
	<object>
		<name>dog</name>
		<pose>Unspecified</pose>
		<truncated>0</truncated>
		<difficult>0</difficult>
		<bndbox>
			<xmin>54</xmin>
			<ymin>100</ymin>
			<xmax>344</xmax>
			<ymax>369</ymax>
		</bndbox>
	</object>
</annotation>
