<annotation>
	<folder>train</folder>
	<filename>IMG_0009 3_jpg.rf.dc886f23b5de9587214fe1b74c360166.jpg</filename>
	<path>C:\Users\rsj99\Desktop\tensorflow_od\Thermal Dogs and People.v1-resize-416x416.voc\train\IMG_0009 3_jpg.rf.dc886f23b5de9587214fe1b74c360166.jpg</path>
	<source>
		<database>Unknown</database>
	</source>
	<size>
		<width>416</width>
		<height>416</height>
		<depth>3</depth>
	</size>
	<segmented>0</segmented>
	<object>
		<name>person</name>
		<pose>Unspecified</pose>
		<truncated>0</truncated>
		<difficult>0</difficult>
		<bndbox>
			<xmin>266</xmin>
			<ymin>2</ymin>
			<xmax>398</xmax>
			<ymax>310</ymax>
		</bndbox>
	</object>
	<object>
		<name>dog</name>
		<pose>Unspecified</pose>
		<truncated>0</truncated>
		<difficult>0</difficult>
		<bndbox>
			<xmin>134</xmin>
			<ymin>164</ymin>
			<xmax>261</xmax>
			<ymax>402</ymax>
		</bndbox>
	</object>
</annotation>
