<annotation>
	<folder>train</folder>
	<filename>IMG_0024 3_jpg.rf.c70789b382757f5a8e650c63aece9c11.jpg</filename>
	<path>C:\Users\rsj99\Desktop\tensorflow_od\Thermal Dogs and People.v1-resize-416x416.voc\train\IMG_0024 3_jpg.rf.c70789b382757f5a8e650c63aece9c11.jpg</path>
	<source>
		<database>Unknown</database>
	</source>
	<size>
		<width>416</width>
		<height>416</height>
		<depth>3</depth>
	</size>
	<segmented>0</segmented>
	<object>
		<name>person</name>
		<pose>Unspecified</pose>
		<truncated>1</truncated>
		<difficult>0</difficult>
		<bndbox>
			<xmin>98</xmin>
			<ymin>59</ymin>
			<xmax>413</xmax>
			<ymax>416</ymax>
		</bndbox>
	</object>
</annotation>
