<annotation>
	<folder>train</folder>
	<filename>IMG_0015 2_jpg.rf.a8b2ea394db2335882bd01bdef384185.jpg</filename>
	<path>C:\Users\rsj99\Desktop\tensorflow_od\Thermal Dogs and People.v1-resize-416x416.voc\train\IMG_0015 2_jpg.rf.a8b2ea394db2335882bd01bdef384185.jpg</path>
	<source>
		<database>Unknown</database>
	</source>
	<size>
		<width>416</width>
		<height>416</height>
		<depth>3</depth>
	</size>
	<segmented>0</segmented>
	<object>
		<name>person</name>
		<pose>Unspecified</pose>
		<truncated>0</truncated>
		<difficult>0</difficult>
		<bndbox>
			<xmin>285</xmin>
			<ymin>128</ymin>
			<xmax>321</xmax>
			<ymax>238</ymax>
		</bndbox>
	</object>
	<object>
		<name>person</name>
		<pose>Unspecified</pose>
		<truncated>0</truncated>
		<difficult>0</difficult>
		<bndbox>
			<xmin>248</xmin>
			<ymin>131</ymin>
			<xmax>286</xmax>
			<ymax>237</ymax>
		</bndbox>
	</object>
</annotation>
