<annotation verified="yes">
	<folder>train</folder>
	<filename>IMG_0035_jpg.rf.d27e5631e1d6bce0016a81bf5c71eb22.jpg</filename>
	<path>C:\Users\rsj99\Desktop\tensorflow_od\Thermal Dogs and People.v1-resize-416x416.voc\train\IMG_0035_jpg.rf.d27e5631e1d6bce0016a81bf5c71eb22.jpg</path>
	<source>
		<database>Unknown</database>
	</source>
	<size>
		<width>416</width>
		<height>416</height>
		<depth>3</depth>
	</size>
	<segmented>0</segmented>
	<object>
		<name>dog</name>
		<pose>Unspecified</pose>
		<truncated>0</truncated>
		<difficult>0</difficult>
		<bndbox>
			<xmin>13</xmin>
			<ymin>69</ymin>
			<xmax>415</xmax>
			<ymax>399</ymax>
		</bndbox>
	</object>
</annotation>
