<annotation>
	<folder>train</folder>
	<filename>IMG_0026 2_jpg.rf.45ba17520febc7ebcb5e8ac76b059041.jpg</filename>
	<path>C:\Users\rsj99\Desktop\tensorflow_od\Thermal Dogs and People.v1-resize-416x416.voc\train\IMG_0026 2_jpg.rf.45ba17520febc7ebcb5e8ac76b059041.jpg</path>
	<source>
		<database>Unknown</database>
	</source>
	<size>
		<width>416</width>
		<height>416</height>
		<depth>3</depth>
	</size>
	<segmented>0</segmented>
	<object>
		<name>person</name>
		<pose>Unspecified</pose>
		<truncated>0</truncated>
		<difficult>0</difficult>
		<bndbox>
			<xmin>298</xmin>
			<ymin>167</ymin>
			<xmax>353</xmax>
			<ymax>261</ymax>
		</bndbox>
	</object>
</annotation>
