<annotation>
	<folder>train</folder>
	<filename>IMG_0049 2_jpg.rf.8ec0d0976887ccb31073dc9c7a487bd2.jpg</filename>
	<path>C:\Users\rsj99\Desktop\tensorflow_od\Thermal Dogs and People.v1-resize-416x416.voc\train\IMG_0049 2_jpg.rf.8ec0d0976887ccb31073dc9c7a487bd2.jpg</path>
	<source>
		<database>Unknown</database>
	</source>
	<size>
		<width>416</width>
		<height>416</height>
		<depth>3</depth>
	</size>
	<segmented>0</segmented>
	<object>
		<name>person</name>
		<pose>Unspecified</pose>
		<truncated>0</truncated>
		<difficult>0</difficult>
		<bndbox>
			<xmin>267</xmin>
			<ymin>112</ymin>
			<xmax>308</xmax>
			<ymax>179</ymax>
		</bndbox>
	</object>
</annotation>
