<annotation verified="yes">
	<folder>train</folder>
	<filename>IMG_0033_jpg.rf.a920304ed04c85e55da3a18d7b062ed0.jpg</filename>
	<path>C:\Users\rsj99\Desktop\tensorflow_od\Thermal Dogs and People.v1-resize-416x416.voc\train\IMG_0033_jpg.rf.a920304ed04c85e55da3a18d7b062ed0.jpg</path>
	<source>
		<database>Unknown</database>
	</source>
	<size>
		<width>416</width>
		<height>416</height>
		<depth>3</depth>
	</size>
	<segmented>0</segmented>
	<object>
		<name>dog</name>
		<pose>Unspecified</pose>
		<truncated>0</truncated>
		<difficult>0</difficult>
		<bndbox>
			<xmin>92</xmin>
			<ymin>117</ymin>
			<xmax>342</xmax>
			<ymax>411</ymax>
		</bndbox>
	</object>
</annotation>
