<annotation verified="yes">
	<folder>train</folder>
	<filename>IMG_0089_jpg.rf.61e4cf86ae240fc0dfffcc0ee8c20950.jpg</filename>
	<path>C:\Users\rsj99\Desktop\tensorflow_od\Thermal Dogs and People.v1-resize-416x416.voc\train\IMG_0089_jpg.rf.61e4cf86ae240fc0dfffcc0ee8c20950.jpg</path>
	<source>
		<database>Unknown</database>
	</source>
	<size>
		<width>416</width>
		<height>416</height>
		<depth>3</depth>
	</size>
	<segmented>0</segmented>
	<object>
		<name>dog</name>
		<pose>Unspecified</pose>
		<truncated>0</truncated>
		<difficult>0</difficult>
		<bndbox>
			<xmin>70</xmin>
			<ymin>102</ymin>
			<xmax>342</xmax>
			<ymax>375</ymax>
		</bndbox>
	</object>
</annotation>
