<annotation>
	<folder>train</folder>
	<filename>IMG_0027 2_jpg.rf.7c03058adf513e4a17e765e93d339b17.jpg</filename>
	<path>C:\Users\rsj99\Desktop\tensorflow_od\Thermal Dogs and People.v1-resize-416x416.voc\train\IMG_0027 2_jpg.rf.7c03058adf513e4a17e765e93d339b17.jpg</path>
	<source>
		<database>Unknown</database>
	</source>
	<size>
		<width>416</width>
		<height>416</height>
		<depth>3</depth>
	</size>
	<segmented>0</segmented>
	<object>
		<name>person</name>
		<pose>Unspecified</pose>
		<truncated>0</truncated>
		<difficult>0</difficult>
		<bndbox>
			<xmin>292</xmin>
			<ymin>192</ymin>
			<xmax>344</xmax>
			<ymax>279</ymax>
		</bndbox>
	</object>
</annotation>
