<annotation verified="yes">
	<folder>train</folder>
	<filename>IMG_0086_jpg.rf.4aa2963e7de057f03a0a68b2a3e83c55.jpg</filename>
	<path>C:\Users\rsj99\Desktop\tensorflow_od\Thermal Dogs and People.v1-resize-416x416.voc\train\IMG_0086_jpg.rf.4aa2963e7de057f03a0a68b2a3e83c55.jpg</path>
	<source>
		<database>Unknown</database>
	</source>
	<size>
		<width>416</width>
		<height>416</height>
		<depth>3</depth>
	</size>
	<segmented>0</segmented>
	<object>
		<name>dog</name>
		<pose>Unspecified</pose>
		<truncated>0</truncated>
		<difficult>0</difficult>
		<bndbox>
			<xmin>18</xmin>
			<ymin>96</ymin>
			<xmax>382</xmax>
			<ymax>412</ymax>
		</bndbox>
	</object>
</annotation>
