<annotation verified="yes">
	<folder>train</folder>
	<filename>IMG_0055_jpg.rf.94cb22162f611ae79a71eedf87fe1f02.jpg</filename>
	<path>C:\Users\rsj99\Desktop\tensorflow_od\Thermal Dogs and People.v1-resize-416x416.voc\train\IMG_0055_jpg.rf.94cb22162f611ae79a71eedf87fe1f02.jpg</path>
	<source>
		<database>Unknown</database>
	</source>
	<size>
		<width>416</width>
		<height>416</height>
		<depth>3</depth>
	</size>
	<segmented>0</segmented>
	<object>
		<name>dog</name>
		<pose>Unspecified</pose>
		<truncated>0</truncated>
		<difficult>0</difficult>
		<bndbox>
			<xmin>33</xmin>
			<ymin>50</ymin>
			<xmax>326</xmax>
			<ymax>412</ymax>
		</bndbox>
	</object>
</annotation>
