<annotation>
	<folder>train</folder>
	<filename>IMG_0002 2_jpg.rf.b591a520d7e4532ea310fec86b8c3f02.jpg</filename>
	<path>C:\Users\rsj99\Desktop\tensorflow_od\Thermal Dogs and People.v1-resize-416x416.voc\train\IMG_0002 2_jpg.rf.b591a520d7e4532ea310fec86b8c3f02.jpg</path>
	<source>
		<database>Unknown</database>
	</source>
	<size>
		<width>416</width>
		<height>416</height>
		<depth>3</depth>
	</size>
	<segmented>0</segmented>
	<object>
		<name>dog</name>
		<pose>Unspecified</pose>
		<truncated>1</truncated>
		<difficult>0</difficult>
		<bndbox>
			<xmin>22</xmin>
			<ymin>90</ymin>
			<xmax>391</xmax>
			<ymax>416</ymax>
		</bndbox>
	</object>
</annotation>
