<annotation>
	<folder>train</folder>
	<filename>IMG_0007 3_jpg.rf.e838060bfb5fba115ee350d6637ae440.jpg</filename>
	<path>C:\Users\rsj99\Desktop\tensorflow_od\Thermal Dogs and People.v1-resize-416x416.voc\train\IMG_0007 3_jpg.rf.e838060bfb5fba115ee350d6637ae440.jpg</path>
	<source>
		<database>Unknown</database>
	</source>
	<size>
		<width>416</width>
		<height>416</height>
		<depth>3</depth>
	</size>
	<segmented>0</segmented>
	<object>
		<name>person</name>
		<pose>Unspecified</pose>
		<truncated>0</truncated>
		<difficult>0</difficult>
		<bndbox>
			<xmin>325</xmin>
			<ymin>196</ymin>
			<xmax>364</xmax>
			<ymax>312</ymax>
		</bndbox>
	</object>
</annotation>
