<annotation verified="yes">
	<folder>train</folder>
	<filename>IMG_0075_jpg.rf.08c27e14cdba0e87255c59f5eeef5d19.jpg</filename>
	<path>C:\Users\rsj99\Desktop\tensorflow_od\Thermal Dogs and People.v1-resize-416x416.voc\train\IMG_0075_jpg.rf.08c27e14cdba0e87255c59f5eeef5d19.jpg</path>
	<source>
		<database>Unknown</database>
	</source>
	<size>
		<width>416</width>
		<height>416</height>
		<depth>3</depth>
	</size>
	<segmented>0</segmented>
	<object>
		<name>person</name>
		<pose>Unspecified</pose>
		<truncated>0</truncated>
		<difficult>0</difficult>
		<bndbox>
			<xmin>213</xmin>
			<ymin>16</ymin>
			<xmax>277</xmax>
			<ymax>290</ymax>
		</bndbox>
	</object>
	<object>
		<name>dog</name>
		<pose>Unspecified</pose>
		<truncated>0</truncated>
		<difficult>0</difficult>
		<bndbox>
			<xmin>275</xmin>
			<ymin>176</ymin>
			<xmax>331</xmax>
			<ymax>362</ymax>
		</bndbox>
	</object>
</annotation>
