<annotation verified="yes">
	<folder>train</folder>
	<filename>IMG_0051 2_jpg.rf.bd2e891377e6097cd8c99247009092d0.jpg</filename>
	<path>C:\Users\rsj99\Desktop\tensorflow_od\Thermal Dogs and People.v1-resize-416x416.voc\train\IMG_0051 2_jpg.rf.bd2e891377e6097cd8c99247009092d0.jpg</path>
	<source>
		<database>Unknown</database>
	</source>
	<size>
		<width>416</width>
		<height>416</height>
		<depth>3</depth>
	</size>
	<segmented>0</segmented>
	<object>
		<name>person</name>
		<pose>Unspecified</pose>
		<truncated>0</truncated>
		<difficult>0</difficult>
		<bndbox>
			<xmin>284</xmin>
			<ymin>126</ymin>
			<xmax>322</xmax>
			<ymax>191</ymax>
		</bndbox>
	</object>
</annotation>
