<annotation>
	<folder>train</folder>
	<filename>IMG_0016 2_jpg.rf.09f77c6968bc0f944d7bbe2a3e6225ec.jpg</filename>
	<path>C:\Users\rsj99\Desktop\tensorflow_od\Thermal Dogs and People.v1-resize-416x416.voc\train\IMG_0016 2_jpg.rf.09f77c6968bc0f944d7bbe2a3e6225ec.jpg</path>
	<source>
		<database>Unknown</database>
	</source>
	<size>
		<width>416</width>
		<height>416</height>
		<depth>3</depth>
	</size>
	<segmented>0</segmented>
	<object>
		<name>person</name>
		<pose>Unspecified</pose>
		<truncated>0</truncated>
		<difficult>0</difficult>
		<bndbox>
			<xmin>274</xmin>
			<ymin>110</ymin>
			<xmax>313</xmax>
			<ymax>231</ymax>
		</bndbox>
	</object>
	<object>
		<name>person</name>
		<pose>Unspecified</pose>
		<truncated>0</truncated>
		<difficult>0</difficult>
		<bndbox>
			<xmin>234</xmin>
			<ymin>124</ymin>
			<xmax>275</xmax>
			<ymax>228</ymax>
		</bndbox>
	</object>
</annotation>
