<annotation>
	<folder>train</folder>
	<filename>IMG_0024_jpg.rf.6510488185f671581b2d5b9b79f8f640.jpg</filename>
	<path>C:\Users\rsj99\Desktop\tensorflow_od\Thermal Dogs and People.v1-resize-416x416.voc\train\IMG_0024_jpg.rf.6510488185f671581b2d5b9b79f8f640.jpg</path>
	<source>
		<database>Unknown</database>
	</source>
	<size>
		<width>416</width>
		<height>416</height>
		<depth>3</depth>
	</size>
	<segmented>0</segmented>
	<object>
		<name>dog</name>
		<pose>Unspecified</pose>
		<truncated>0</truncated>
		<difficult>0</difficult>
		<bndbox>
			<xmin>80</xmin>
			<ymin>98</ymin>
			<xmax>351</xmax>
			<ymax>399</ymax>
		</bndbox>
	</object>
</annotation>
