<annotation verified="yes">
	<folder>train</folder>
	<filename>IMG_0028_jpg.rf.5ba5b6b902d9d1caa6b96e3d85f3d1bd.jpg</filename>
	<path>C:\Users\rsj99\Desktop\tensorflow_od\Thermal Dogs and People.v1-resize-416x416.voc\train\IMG_0028_jpg.rf.5ba5b6b902d9d1caa6b96e3d85f3d1bd.jpg</path>
	<source>
		<database>Unknown</database>
	</source>
	<size>
		<width>416</width>
		<height>416</height>
		<depth>3</depth>
	</size>
	<segmented>0</segmented>
	<object>
		<name>dog</name>
		<pose>Unspecified</pose>
		<truncated>0</truncated>
		<difficult>0</difficult>
		<bndbox>
			<xmin>76</xmin>
			<ymin>94</ymin>
			<xmax>327</xmax>
			<ymax>366</ymax>
		</bndbox>
	</object>
</annotation>
