<annotation verified="yes">
	<folder>train</folder>
	<filename>IMG_0100_jpg.rf.134e52bf085c47f67d8e79a9ace3640b.jpg</filename>
	<path>C:\Users\rsj99\Desktop\tensorflow_od\Thermal Dogs and People.v1-resize-416x416.voc\train\IMG_0100_jpg.rf.134e52bf085c47f67d8e79a9ace3640b.jpg</path>
	<source>
		<database>Unknown</database>
	</source>
	<size>
		<width>416</width>
		<height>416</height>
		<depth>3</depth>
	</size>
	<segmented>0</segmented>
	<object>
		<name>dog</name>
		<pose>Unspecified</pose>
		<truncated>0</truncated>
		<difficult>0</difficult>
		<bndbox>
			<xmin>273</xmin>
			<ymin>226</ymin>
			<xmax>377</xmax>
			<ymax>351</ymax>
		</bndbox>
	</object>
	<object>
		<name>person</name>
		<pose>Unspecified</pose>
		<truncated>0</truncated>
		<difficult>0</difficult>
		<bndbox>
			<xmin>78</xmin>
			<ymin>68</ymin>
			<xmax>172</xmax>
			<ymax>291</ymax>
		</bndbox>
	</object>
</annotation>
