<annotation>
	<folder>train</folder>
	<filename>IMG_0007_jpg.rf.7b565936f19c31ddf7caba52158428da.jpg</filename>
	<path>C:\Users\rsj99\Desktop\tensorflow_od\Thermal Dogs and People.v1-resize-416x416.voc\train\IMG_0007_jpg.rf.7b565936f19c31ddf7caba52158428da.jpg</path>
	<source>
		<database>Unknown</database>
	</source>
	<size>
		<width>416</width>
		<height>416</height>
		<depth>3</depth>
	</size>
	<segmented>0</segmented>
	<object>
		<name>dog</name>
		<pose>Unspecified</pose>
		<truncated>0</truncated>
		<difficult>0</difficult>
		<bndbox>
			<xmin>111</xmin>
			<ymin>225</ymin>
			<xmax>144</xmax>
			<ymax>269</ymax>
		</bndbox>
	</object>
</annotation>
