<annotation verified="yes">
	<folder>train</folder>
	<filename>IMG_0031_jpg.rf.6f81b489c1ccf2098ee772c239cabb6d.jpg</filename>
	<path>C:\Users\rsj99\Desktop\tensorflow_od\Thermal Dogs and People.v1-resize-416x416.voc\train\IMG_0031_jpg.rf.6f81b489c1ccf2098ee772c239cabb6d.jpg</path>
	<source>
		<database>Unknown</database>
	</source>
	<size>
		<width>416</width>
		<height>416</height>
		<depth>3</depth>
	</size>
	<segmented>0</segmented>
	<object>
		<name>dog</name>
		<pose>Unspecified</pose>
		<truncated>0</truncated>
		<difficult>0</difficult>
		<bndbox>
			<xmin>28</xmin>
			<ymin>97</ymin>
			<xmax>274</xmax>
			<ymax>365</ymax>
		</bndbox>
	</object>
</annotation>
