<annotation>
	<folder>train</folder>
	<filename>IMG_0003 2_jpg.rf.f8b5d6be996b24bddcd1ae3ec4fe5217.jpg</filename>
	<path>C:\Users\rsj99\Desktop\tensorflow_od\Thermal Dogs and People.v1-resize-416x416.voc\train\IMG_0003 2_jpg.rf.f8b5d6be996b24bddcd1ae3ec4fe5217.jpg</path>
	<source>
		<database>Unknown</database>
	</source>
	<size>
		<width>416</width>
		<height>416</height>
		<depth>3</depth>
	</size>
	<segmented>0</segmented>
	<object>
		<name>dog</name>
		<pose>Unspecified</pose>
		<truncated>0</truncated>
		<difficult>0</difficult>
		<bndbox>
			<xmin>52</xmin>
			<ymin>70</ymin>
			<xmax>378</xmax>
			<ymax>363</ymax>
		</bndbox>
	</object>
</annotation>
