<annotation>
	<folder>train</folder>
	<filename>IMG_0012 3_jpg.rf.111105775c3f68907aae21767c35d634.jpg</filename>
	<path>C:\Users\rsj99\Desktop\tensorflow_od\Thermal Dogs and People.v1-resize-416x416.voc\train\IMG_0012 3_jpg.rf.111105775c3f68907aae21767c35d634.jpg</path>
	<source>
		<database>Unknown</database>
	</source>
	<size>
		<width>416</width>
		<height>416</height>
		<depth>3</depth>
	</size>
	<segmented>0</segmented>
	<object>
		<name>person</name>
		<pose>Unspecified</pose>
		<truncated>1</truncated>
		<difficult>0</difficult>
		<bndbox>
			<xmin>237</xmin>
			<ymin>9</ymin>
			<xmax>416</xmax>
			<ymax>411</ymax>
		</bndbox>
	</object>
</annotation>
