<annotation verified="yes">
	<folder>train</folder>
	<filename>IMG_0035 2_jpg.rf.978e0d66d5755ab3e9a53d8f74401597.jpg</filename>
	<path>C:\Users\rsj99\Desktop\tensorflow_od\Thermal Dogs and People.v1-resize-416x416.voc\train\IMG_0035 2_jpg.rf.978e0d66d5755ab3e9a53d8f74401597.jpg</path>
	<source>
		<database>Unknown</database>
	</source>
	<size>
		<width>416</width>
		<height>416</height>
		<depth>3</depth>
	</size>
	<segmented>0</segmented>
	<object>
		<name>person</name>
		<pose>Unspecified</pose>
		<truncated>0</truncated>
		<difficult>0</difficult>
		<bndbox>
			<xmin>144</xmin>
			<ymin>200</ymin>
			<xmax>164</xmax>
			<ymax>264</ymax>
		</bndbox>
	</object>
</annotation>
