<annotation verified="yes">
	<folder>train</folder>
	<filename>IMG_0041_jpg.rf.d79c203222854dda98fca71d373d6368.jpg</filename>
	<path>C:\Users\rsj99\Desktop\tensorflow_od\Thermal Dogs and People.v1-resize-416x416.voc\train\IMG_0041_jpg.rf.d79c203222854dda98fca71d373d6368.jpg</path>
	<source>
		<database>Unknown</database>
	</source>
	<size>
		<width>416</width>
		<height>416</height>
		<depth>3</depth>
	</size>
	<segmented>0</segmented>
	<object>
		<name>dog</name>
		<pose>Unspecified</pose>
		<truncated>0</truncated>
		<difficult>0</difficult>
		<bndbox>
			<xmin>60</xmin>
			<ymin>96</ymin>
			<xmax>412</xmax>
			<ymax>349</ymax>
		</bndbox>
	</object>
</annotation>
