<annotation>
	<folder>train</folder>
	<filename>IMG_0010 3_jpg.rf.2043b8c0c5432f1033aea9957717a17e.jpg</filename>
	<path>C:\Users\rsj99\Desktop\tensorflow_od\Thermal Dogs and People.v1-resize-416x416.voc\train\IMG_0010 3_jpg.rf.2043b8c0c5432f1033aea9957717a17e.jpg</path>
	<source>
		<database>Unknown</database>
	</source>
	<size>
		<width>416</width>
		<height>416</height>
		<depth>3</depth>
	</size>
	<segmented>0</segmented>
	<object>
		<name>person</name>
		<pose>Unspecified</pose>
		<truncated>0</truncated>
		<difficult>0</difficult>
		<bndbox>
			<xmin>251</xmin>
			<ymin>2</ymin>
			<xmax>344</xmax>
			<ymax>154</ymax>
		</bndbox>
	</object>
	<object>
		<name>dog</name>
		<pose>Unspecified</pose>
		<truncated>0</truncated>
		<difficult>0</difficult>
		<bndbox>
			<xmin>58</xmin>
			<ymin>125</ymin>
			<xmax>350</xmax>
			<ymax>414</ymax>
		</bndbox>
	</object>
</annotation>
