<annotation verified="yes">
	<folder>train</folder>
	<filename>IMG_0044_jpg.rf.a643c3f6285519a91642b5382440f0c0.jpg</filename>
	<path>C:\Users\rsj99\Desktop\tensorflow_od\Thermal Dogs and People.v1-resize-416x416.voc\train\IMG_0044_jpg.rf.a643c3f6285519a91642b5382440f0c0.jpg</path>
	<source>
		<database>Unknown</database>
	</source>
	<size>
		<width>416</width>
		<height>416</height>
		<depth>3</depth>
	</size>
	<segmented>0</segmented>
	<object>
		<name>dog</name>
		<pose>Unspecified</pose>
		<truncated>1</truncated>
		<difficult>0</difficult>
		<bndbox>
			<xmin>1</xmin>
			<ymin>119</ymin>
			<xmax>368</xmax>
			<ymax>412</ymax>
		</bndbox>
	</object>
</annotation>
