<annotation>
	<folder>train</folder>
	<filename>IMG_0021 2_jpg.rf.7ec84be0e281428043df2e588b646445.jpg</filename>
	<path>C:\Users\rsj99\Desktop\tensorflow_od\Thermal Dogs and People.v1-resize-416x416.voc\train\IMG_0021 2_jpg.rf.7ec84be0e281428043df2e588b646445.jpg</path>
	<source>
		<database>Unknown</database>
	</source>
	<size>
		<width>416</width>
		<height>416</height>
		<depth>3</depth>
	</size>
	<segmented>0</segmented>
	<object>
		<name>person</name>
		<pose>Unspecified</pose>
		<truncated>0</truncated>
		<difficult>0</difficult>
		<bndbox>
			<xmin>311</xmin>
			<ymin>88</ymin>
			<xmax>336</xmax>
			<ymax>177</ymax>
		</bndbox>
	</object>
	<object>
		<name>person</name>
		<pose>Unspecified</pose>
		<truncated>0</truncated>
		<difficult>0</difficult>
		<bndbox>
			<xmin>281</xmin>
			<ymin>94</ymin>
			<xmax>312</xmax>
			<ymax>184</ymax>
		</bndbox>
	</object>
</annotation>
